brand,reviews,price,capacity
Hisense Microwave Oven H20MOWS11 700W,366,8899,
Roch 20Ltrs Digital Microwave Oven,46,8499,20Ltrs
SmartPro 20Ltrs Digital Microwave Oven,2,8199,20Ltrs
CLEARANCE SALE Hisense 20L Digital,0,8790,20L
Hisense Microwave Oven H20MOMS11 700W,31,10299,
Ramtons RM458 Digital Glass Microwave,16,11999,
Haier 20L Digital Microwave Oven,13,10395,20L
Hisense 20L Digital Microwave Oven,3,8890,20L
Ramtons RM672 Microwave Grill 20Litres,2,8999,20Litres
Nunix 20L Electric Oven With,0,6000,20L
OFFER OFFER VON VAMS20DGX Microwave,0,10899,
HANMAC 20L Digital Microwave Oven,0,9999,20L
Mika Digital Microwave 20L 700W,0,10999,20L
Hisense 20L Microwave Oven,2,9900,20L
Black and silver hisense Digital,0,12150,
Microwave Oven 20L,43,8599,20L
Nunix Microwave Oven 20L WITH,16,9987,20L
Hisense Microwave Oven H20MOMS11 700W,0,8990,
RAMTONSRM24020 LITERS MICROWAVEGRILL SILVER,0,13399,
Nunix Digital Microwave Oven 20L,0,10950,20L
Von Digital control Multistage cooking,89,12099,
Microwave Oven 20L DIGITAL WITH,24,9879,20L
Hisense 20L Digital Microwave WHITE,0,8990,20L
VON 20L ANALOGE MICROWAVE,0,11000,20L
Hisense 20L Digital Microwave 2,0,9999,20L
Nunix 20L Electric Oven With,0,10000,20L
Ramtons RM459 20L Manual Glass,3,11599,20L
Microwave Oven 20L White Manual,0,8647,20L
RAMTONSRM23820LT MICROWAVE DIGITAL SILVER,2,12399,
Hisense Microwave Oven 20L6 auto,0,12999,
Von Mechanical control Glass front,21,11799,
Hisense Microwave Oven H20MOBS11 700W,0,9990,
CLEARANCE OFFER Haier HMW20DBM Digital,0,13999,
KENYAN LOVEDINSPIRED LIVINGHaier HMW20DBM Digital,0,16910,
CLEARANCE OFFER Nunix Digital Microwave,0,9999,
Best Offers Nunix 20L Electric,0,6100,20L
Icona ILM02025XW 20L Microwave Oven,0,7889,20L
2M214 Microwave Oven Magnetron 2M214,0,2999,
CLEARANCE OFFER Nunix Digital Microwave,0,10999,
CLEARANCE OFFER Icona London 20L,0,8799,20L
HANMAC MICROWAVE DIGITALGRILL 20 Litres,0,12000,20 Litres
Synix Manual Microwave 20L Model,0,8666,20L
CLEARANCE OFFER Nunix Digital Microwave,0,9999,
Ramtons RM328 20L Manual Microwave,9,10599,20L
Electric oven 20L Electric Rotisserie,0,6996,20L
Roch Digital Mirowave oven 20L,0,10999,20L
Ramtons RM458 Digital Glass Microwave,0,13999,
CLEARANCE SALE Hisense Microwave Oven,0,9890,
OFFER OFFERVON HMG202DBVAMG20DGB Grill Microwave,0,12999,
CLEARANCE SALE Hisense 20L Digital,0,9890,20L
CLEARANCE SALE Hisense Microwave Oven,0,8899,
OFFER OFFERVON HMG202DBVAMG20DGB DIGITAL MICROWAVE,0,12999,
Nunix Microwave Oven 20L WITH,0,12000,20L
CLEARANCE SALE Mika MMWMSKH2012B Microwave,0,10999,
SYNIX Digital 20 L microwaveGRIll,0,12099,20 L
CLEARANCE SALEHisense 20L Digital Microwave,0,9899,20L
Hisense Microwave Oven H20MOMS11 700W,0,8990,
Nunix 20L Electric Oven With,0,6600,20L
Ramtons 23 Litres MicrowaveGrill Black,0,15999,23 Litres
VON VAMS20DGX Microwave Oven Solo,0,10999,
CLEARANCE SALEHisense DIGITAL Microwave Oven,0,9900,
Hisense Digital 20L Microwave Oven,0,8990,20L
Mika 20L Digital Microwave with,0,10999,20L
CLEARANCE SALEMika 20L Digital Microwave,0,10899,20L
COOKING MADE EASIERICONA Microwave Oven,0,13300,
Smart Pro 20L Digital Microwave,0,9999,20L
CLEARANCE SALE Mika 20L Digital,0,10999,20L
OFFER OFFER Mika 20L Digital,0,10999,20L
Mika Digital Microwave 20L 700W,0,10899,20L
CLEARANCE SALEHisense 20L Digital Microwave,0,9998,20L
Hisense Microwave Oven H20MOMS11 700W,0,8990,
Mika 20L Digital Microwave with,0,10999,20L
MICROWAVE Ramtons Microwave Digital 20Litres,0,12600,20Litres
Ramtons RM458 Digital Glass Microwave,0,13800,
Nunix Microwave Oven With Grill,0,9785,
VON VAMS20MGX Manual Microwave Oven,0,11999,
Hisense Microwave Oven 700W 20L,0,9990,20L
HANMAC 20 L MANUAL MICROWAVE,0,8640,20 L
Hisense 20L Digital Microwave WHITE2,0,14500,20L
Synix 700w 20L Microwave OvenManual,0,9400,20L
Hisense H20MOBS11 20L Digital Microwave,0,9990,20L
Hisense H20MOMS11 20L Digital Microwave,0,10399,20L
Silver Black hisense Digital Microwave,0,10699,
Hanmac 20L Manual Black Microwave,0,10268,20L
LUXURY FOR LESS MICROWAVE Ramtons,0,12150,
Ramtons Digital Glass Microwave 700W,0,11499,
20 L HANMAC HMR20E2 EXTRA,0,10800,20 L
SYINIX 20 L MICROWAVE OVEN,0,8505,20 L
CLEARANCE OFFER HANMAC 20L Manual,0,8299,20L
CHOOSE QUALITY CHOOSE THE FUTURE,0,6300,
Hisense Microwave Oven H20MOMS11 700W,0,12999,
20 L HANMAC DIGITAL MICROWAVE,0,9990,20 L
EMBRACE THE LATEST TREND Nunix,0,6633,
MEGASALE Silver Mika Microwave Oven,0,14000,
20L Smart Pro Digital Black,0,11220,20L
Nunix 20 Litres Manual Setting,0,9292,20 Litres
Smart Pro Microwave Oven 20L,0,9999,20L
20 L HANMAC MANUAL MICROWAVE,0,8640,20 L
Hisense H36MOMMI 36L Microwave,2,22999,36L
Hisense 20L Digital Microwave Oven,0,10399,20L
Nunix 20L Electric Oven With,0,6670,20L
BUY NOW AND ENJOY UPTO,0,11200,
NEW IMPROVED MICROWAVE Ramtons Microwave,0,13500,
Ramtoms microwave 20 ltrs,0,11200,20 ltrs
Ramtoms microwave 20 ltrs,0,10999,20 ltrs
VON VAMS20DGX Microwave Oven Solo,0,14995,
Hisense 20L Digital Microwave Oven,0,9500,20L
HANMAC 20L Digital Microwave with,0,10148,20L
HANMAC 20L Manual Microwave with,0,9912,20L
ROCH DIGITAL MICROWAVE Defrost functionCooking,0,9794,
Smart Pro Microwave Oven 20L,0,9999,20L
Digital microwave microwave features a,0,11600,
Synix 20L Microwave oven,0,10199,20L
VON 20L ANALOG MICROWAVE,0,11000,20L
VON HMS202DBVAMS20DGB 20 L DIGITAL,0,12825,20 L
STAY LOCKED WITH NEW STOCK,0,17200,
20 L HANMAC HMR20M2 Manual,0,9450,20 L
Kilimall special offerSyinix 20 litres,0,8496,20 litres
Digital microwave RochCountertop Microwave Oven,0,9853,
Roch 20 litres Digital Microwave,0,12500,20 litres
MAKE YOUR HOUSE FEEL LIKE,0,12200,
NUNIX C20PG1 20 L DIGITAL,0,10530,20 L
Nunix C20PG 20L Digital Microwave,0,11745,20L
20 L HANMAC HMR20EG3 DIGITAL,0,12276,20 L
20 L HANMAC HMR20EG DIGITAL,0,11340,20 L
HANMAC 20L Digital Microwave With,0,12555,20L
Redberry 20L Microwave Oven with,0,8999,20L
super dealSilver and Black hisense,0,12121,
ROCH 20 L DIGITAL MICROWAVE,0,9855,20 L
NUNIX 40 L ELECTRIC ROTISSERIE,0,8910,40 L
ROCH 20 L DIGITAL MICROWAVE,0,9855,20 L
CLEARANCE OFFER Nunix 20L Digital,0,9999,20L
MIKA Microwave Oven 20L with,0,15327,20L
Smart Pro 20L Digital Microwave,0,9720,20L
Nunix 20L Manual Setting Microwave,0,9315,20L
VON Microwave Oven Solo 20L,0,13499,20L
SYNIX Digital 20L Microwave Oven,0,10199,20L
Digital Microwave with Grill Silver,0,12499,
QUALITY ASSURANCE Mika Digital Microwave,0,14141,
Black and silver hisense Digital,0,11500,
HANMAC HMR20EG 20l Digital Microwave,0,11340,20l
CLEARANCE OFFER HANMAC 20L Digital,0,9299,20L
ICONA 20 Ltrs Digital Microwave,0,10665,20 Ltrs
20 litres Smart pro digital,0,10800,20 litres
CLEARANCE OFFER Hisense 20L Digital,0,10999,20L
VON vamg20dgb 20l microwave,0,13400,20l
CLEARANCE OFFER Nunix Digital Microwave,0,10999,
MS2032GAS Neochef Microwave Oven 20L,0,23899,20L
CLEARANCE OFFER Icona London 20L,0,8699,20L
CLEARANCE OFFER Nunix Digital Microwave,0,10999,
HANMAC Microwave 20L Digital With,0,12154,20L
CLEARANCE OFFER Haier HMW20DBM Digital,0,13999,
VON HMS202DBVAMS20DGB 20 L DIGITAL,0,10800,20 L
HISENSE 20 L DIGITAL MICROWAVE,0,9990,20 L
Nunix C20PG 20L Digital Microwave,0,11475,20L
CLEARANCE OFFER VON VAMS20DGB 20L,0,11999,20L
Ramtons RM319 Digital Microwave,0,10599,
CLEARANCE OFFER ICONA Microwave oven,0,12499,
BEST DEALS 20 litres Roch,0,9888,20 litres
CLEARANCE OFFER Mika 20L Digital,0,11999,20L
20L Hisense digital microwaves SILVER,0,11080,20L
Microwave 20L Manual Black,0,12999,20L
New C20UG 20 L Nunix,0,11610,20 L
Quality Hisense Digital Microwave oven,0,12549,
CLEARANCE OFFER ICONA Microwave oven,0,9799,
ROCH High Quality 20 Litres,0,9888,20 Litres
CLEARANCE OFFER HANMAC 20L Digital,0,9499,20L
HANMAC HMR20EG2 20L Digital Microwave,0,12015,20L
Roch Digital 20 lts microwave,0,10738,
Ramtons RM458 Digital Glass Microwave,0,12150,
CLEARANCE OFFER Ramtons RM320 Digital,0,12999,
CLEARANCE OFFER Mika Digital Microwave,0,12299,
20 L Ramtons RM319 Digital,0,13500,20 L
Hisense 20L Digital Microwave Oven,0,15000,20L
CLEARANCE OFFER Hisense Digital 20L,0,9799,20L
CLEARANCE OFFER Smart Pro 20L,0,8999,20L
20 L synix digital microwave,0,9998,20 L
CLEARANCE OFFER Nunix Digital Microwave,0,9999,
CLEARANCE OFFER Hisense Microwave Oven,0,9999,
TORNADO TM25S Microwave Solo 25,0,16111,
Ramtons Microwave Digital 20Litres with,0,15789,20Litres
hot dealHisense 25 litres microwave,0,17555,25 litres
CLEARANCE OFFER ICONA Microwave oven,0,8499,
CLEARANCE OFFER ICONA Microwave oven,0,9999,
CLEARANCE OFFER Mika MMWMSKH2012B Microwave,0,9999,
Hisense 20L Digital Microwave Efficient,0,10599,20L
CLEARANCE OFFER Hisense H20MOBS11 20L,0,10999,20L
Hisense Microwave Oven H20MOWS11 700W,0,9499,
Hanmac Microwave 20L Digital with,0,10979,20L
Smart Pro SMV20LV4 2 20L,0,9450,20L
Redberry 20L Energy Efficient Digital,0,8989,20L
HANMAC DIGITAL MICROWAVE WITH GRILL,0,13749,
CLEARANCE OFFER Ramtons RM458 Digital,0,12999,
Smart Pro 20L Digital Microwave,0,9855,20L
Hanmac HMR20M2 20 l Manual,0,9450,20 l
CLEARANCE OFFER Mika 20L Digital,0,11999,20L
CLEARANCE OFFER Nunix Microwave Oven,0,8999,
SPECIAL OFFERS hIGHLY RECOMMEDED Roch,0,10283,
NUNIX 20 L C20UG MICROWAVE,0,11610,20 L
NUNIX 20L Digital Microwave with,0,10440,20L
Mika 20L Digital Microwave with,0,12825,20L
Roch RMW20PX7PB B Microwave Oven,0,11000,
CLEARANCE OFFER Ramtons RM320 Digital,0,12999,
HANMAC digital microwave with grill,0,11340,
Roch RMW20PX7HBB 20L Digital Microwave,7,9499,20L
CLEARANCE OFFER Hisense 20L Digital,0,10999,20L
NUNIX 20L Digital Microwave with,0,10440,20L
CLEARANCE OFFER Nunix Digital Microwave,0,10999,
Hisense 20L Digital Microwave Oven,0,10530,20L
NUNIX 20L Digital Microwave C20PG1,0,10200,20L
Mika 20L Digital Microwave with,0,12825,20L
MICROWAVE OVEN Smart Pro 20L,0,10530,20L
CLEARANCE OFFER Nunix Microwave Oven,0,8999,
Hisense 20L Digital Microwave 2,0,9999,20L
20 L RAMTONS RM310 MICROWAVE,0,13770,20 L
CLEARANCE OFFER Syinix 20L Microwave,0,9999,20L
MICROWAVE OVEN Smart Pro 20L,0,10125,20L
CLEARANCE OFFER Syinix 20L Digital,0,9999,20L
Hisense 20L Digital Microwave Oven,0,9990,20L
Hisense 20L Digital Microwave Oven,0,13999,20L
Smart Pro 20L Digital Microwave,0,9720,20L
VON VAMS20DGB 20L 700Watts Microwave,0,12825,20L
CLEARANCE OFFER Hisense H20MOBS11 20L,0,10999,20L
CLEARANCE OFFER HANMAC HMR20MB Knob,0,8299,
Nunix Manual Microwave Oven With,0,10499,
Hisense 20L Digital Microwave Oven,0,8699,20L
SMART PRO DIGITAL MICROWAVE,0,10549,
EMBRACE THE LATEST TREND of,0,11100,
ROCH DIGITAL MICROWAVE,0,10679,
Ramtons RM550 23 Litres MicrowaveGrill,0,17999,23 Litres
Hisense 20Litres Digital Microwave,0,16159,20Litres
CLEARANCE OFFER Hanmac Microwave Digital,0,11799,
Roch 20Ltrs Digital Microwave Oven,0,10979,20Ltrs
Digital microwave,0,10385,
20 L Syinix Microwave Oven,0,8505,20 L
Redberry 20L Microwave Oven with,0,9799,20L
20 litres Roch digital microwave,0,10799,20 litres
CLEARANCE OFFER VON VAMS21DGK 700W,0,10999,
Ramtons RM310 Digital Microwave With,0,13770,
Nunix microwave,0,10000,
Roch digital microwave,0,10000,
Nunix microwave,0,10000,
Microwave,0,10000,
Roch digital microwave,0,9000,
EMBRACE THE LATEST TREND of,0,10100,
20 litres Hanmac digital microwave,0,10789,20 litres
Hanmac 20L Manual black microwave,0,8640,20L
Syinix 20L Digital 700W Microwave,0,10530,20L
CLEARANCE OFFER Nunix Digital Microwave,0,9999,
ICONA ILMO2015XW MICROWAVE OVEN 20LManual,0,7889,
CLEARANCE OFFER Hanmac Microwave 20L,0,10499,20L
CLEARANCE OFFER Syinix 20L Manual,0,8299,20L
ICONA ILDMOG3000XB MICROWAVE OVEN GRILL,0,13444,
Ramtons microwave oven,0,18299,
Hanmac 20L manual microwave,0,9450,20L
Mika 20L Manual Microwave Oven,0,10800,20L
CLEARANCE OFFER Nunix manual microwave,0,8999,
CLEARANCE OFFER Ramtons RM458 Digital,0,12999,
CLEARANCE OFFER Syinix 20L Digital,0,9999,20L
HANMAC DIGITAL MICROWAVE OVEN,0,10679,
Hisense white digital microwave,0,11299,
CLEARANCE OFFER HANMAC Microwave Manual,0,9299,
Haier 20l Digital Control Microwave,0,15525,20l
CLEARANCE OFFER Roch Digital microwaves,0,9499,
NUNIX DIGITAL MICROWAVE 20 LITERS,1,9995,20 LITERS
CLEARANCE OFFER Smart Pro 20L,0,9399,20L
Hisense Digital Microwave Oven 20L,0,13000,20L
Syinix 20 litres microwave oven,0,9499,20 litres
Mika MMWDSPR2312B 23L Digital Microwave,0,11495,23L
Mika 20L Manual Microwave 700W,0,10800,20L
HANMAC 20L Digital Microwave The,0,9990,20L
Digital syinix microwave,0,11289,
Microwave Oven 20L Digital Syinix,0,9999,20L
CLEARANCE OFFER Syinix 20l Microwave,0,8299,20l
CLEARANCE OFFER Syinix 20L Microwave,0,10999,20L
20 L HANMAC DIGITAL MICROWAVE,0,9990,20 L
20L synix digital microwave silver,0,9999,20L
20L synix digital microwave silver,0,9999,20L
CLEARANCE OFFER Nunix 20L Digital,0,10499,20L
25 L ICONA DIGITAL MICROWAVE,0,13500,25 L
CLEARANCE OFFER Mika 20L Manual,0,9999,20L
RAMTONS 23 LITRES MICROWAVEGRILL BLACK,0,14990,23 LITRES
CLEARANCE OFFER HANMAC Microwave 20L,0,11999,20L
DISCOVER THE BEST AND ENJOY,0,13500,
CLEARANCE OFFER Nunix Microwave Oven,0,8999,
20 Litres Smart Pro Digital,0,9720,20 Litres
CLEARANCE OFFER ICONA 20 Ltrs,0,9999,20 Ltrs
Hisense 20L Digital Microwave 700W,0,9799,20L
NEW LISTING ON SALE Premium,0,12121,
Hisense 20L Digital Microwave,0,11475,20L
Icona ILMO2550XW Microwave oven 25L,0,10111,25L
CLEARANCE OFFER Syinix 20L Manual,0,8299,20L
Mika 20L Digital Microwave with,0,10999,20L
20 L Mika Manual Microwave,0,10800,20 L
20 Litres Roch Digital Microwave,0,9990,20 Litres
Synix 700w 20L Microwave OvenManual,0,8989,20L
20 Litres Roch Digital Microwave,0,9990,20 Litres
ICONA 20 Ltrs Digital Microwave,0,10530,20 Ltrs
ICONA ILDMO2035XB MICROWAVE OVEN 20LDigital,0,8999,
20 litres Hanmac digital microwave,0,10779,20 litres
MIKA MICROWAVE OVEN GRILL 20LTR,0,13999,
CLEARANCE OFFER Mika 20L Digital,0,11599,20L
Syinix Microwave Manual Oven 20L,0,9960,20L
Premier Digital 20L Multipurpose Microwave,0,11400,20L
CLEARANCE OFFER HANMAC 20L Digital,0,9499,20L
Syinix 20L Microwave Oven,0,11999,20L
Microwave digital with grill 20,0,12499,
Roch 20 Liters Digital Microwave,0,9990,20 Liters
Ramtons RM310 20L Microwave with,0,13000,20L
25 L ICONA MANUAL MICROWAVE,0,11475,25 L
Roch RMW20PX7PB B Microwave Oven,0,17999,
Von Microwave 20L Digital,0,13999,20L
CLEARANCE OFFER Nunix 20L Digital,0,10999,20L
NUNIX Microwave Oven 20L White,0,9366,20L
VON VAMS21DGK Digital Microwave Oven,0,14900,
SYINIX 20 L DIGITAL MICROWAVE,0,10530,20 L
CLEARANCE OFFER Roch Digital microwaves,0,9499,
CLEARANCE OFFER Mika 20L Manual,0,9999,20L
CLEARANCE OFFER Hisense Digital Microwave,0,10999,
20 litres mika digital microwave,0,12420,20 litres
CLEARANCE OFFER ICONA 20 Ltrs,0,9699,20 Ltrs
PROMOTION PROMOTION Haier HMW20DBM Digital,0,16750,
CLEARANCE OFFER HANMAC 20L Digital,0,9499,20L
20L Digital control redberry microwave,0,9800,20L
Smart Pro Microwave Oven 20L,0,10500,20L
CLEARANCE OFFER Hisense 20L Digital,0,10999,20L
HANMAC 20L Digital Grill Microwave,0,9450,20L
SPECIAL OFFERSLG Digital control Easy,0,28699,
HANMAC DIGITAL MICROWAVE WITH GRILL,0,13350,
Nunix 20L Microwave Oven White,3,8685,20L
20 L SYINIX DIGITAL MICROWAVE,0,10530,20 L
Mika 20L Digital Microwave With,0,13200,20L
Von quartz grill digital control,0,13699,
Hisense H25MOMS7HG 25L Microwave Oven,0,23800,25L
HISENSE 25 L MICROWAVE OVEN,0,16875,25 L
Nunix 20 Litres Manual Setting,0,10399,20 Litres
Mika 20L Digital Microwave with,0,10999,20L
Nunix 20 L Microwave Manual,0,9315,20 L
AILYONS 20 Litres Microwave Oven,0,9499,20 Litres
Smart Pro Microwave,0,10854,
20 L VON HMS202DBVAMS20DGB DIGITAL,0,12825,20 L
Hanmac 20 litres digital microwave,0,13900,20 litres
Haier HMW20DBM Digital Microwave Oven,0,15525,
Smart Pro 20L Digital Microwave,0,9998,20L
CLEARANCE OFFER Nunix 20L Digital,0,10999,20L
ROCH DIGITAL MICROWAVE,0,10854,
CLEARANCE OFFER HANMAC 20L Manual,0,8799,20L
Mika 20 litres digital microwave,0,14400,20 litres
Roch Digital Microwave 20ltrs,0,10998,20ltrs
Hanmac 20L Manual black microwave,0,8699,20L
OFFER Haier Microwave Oven 700W,1,10999,
Hisense White 20L Digital Microwave,0,10530,20L
RESTOCKED RM551 Ramtons Microwave with,0,22000,
Roch 20 Liters Digital Microwaveblack,0,10999,20 Liters
CLEARANCE OFFER Ramtons RM320 Digital,0,13299,
Share this product Roch 20Litres,0,9999,20Litres
Best Offers Nunix 20L Electric,0,10000,20L
CLEARANCE OFFER Roch 20 Liters,0,9499,20 Liters
CLEARANCE OFFER Hisense Digital Microwave,0,9999,
Mika MMWMSKH2012B 20L MicrowaveBLK,0,12000,20L
AILYONS 20 Litres Microwave Oven,0,9699,20 Litres
Smart Pro Microwave,0,10854,
Binatone 20l Microwave Oven MWO2017E,0,11700,20l
Hanmac 20 litres manual microwave,0,10950,20 litres
Hanmac 20 litres digital microwave,0,12999,20 litres
Hisense 20L Digital Microwave WHITE2,0,8990,20L
Hisense Microwave Oven H20MOMS11 20L,0,8990,20L
HANMAC DIGITAL MICROWAVE,0,11900,
Premier Digital 20L Multipurpose Microwave,0,11400,20L
Mika 20l microwave 2074mr With,0,14900,20l
CLEARANCE OFFER Hisense 20L Digital,2,12999,20L
RESTOCKED Digital microwave oven 20,0,11899,
xpandable MicrowaveOven Rack,0,5490,
Mika Manual Microwave 20 litres,0,10450,20 litres
MIKA Microwave Oven 20L with,0,15015,20L
CLEARANCE OFFER Haier HMW28DBM Digital,0,10999,
Nunix C20MX1 20ltrs Microwave Oven,1,8299,20ltrs
Hisense Microwave Oven H20MOBS11 700W,0,9900,
Mika 20L Manual Microwave 700W,0,9999,20L
hisense Digital Microwave The Hisense,1,12150,
RAMTONSRM23720LT MICROWAVE DIGITAL WHITE,1,11999,
CLEARANCE OFFER VON VAMS20DGB 20L,0,13499,20L
Icona 20L Digital Microwave Oven,0,9999,20L
LG 3 Times Brighter LED,0,70799,
CLEARANCE OFFER Icona London 20L,0,8999,20L
OFFER PRICE Premier Multi Purpose,2,10789,
CLEARANCE OFFER Icona London 20L,1,8999,20L
RAMTONSRM23920 LITERS MICROWAVEGRILL WHITE,0,12999,
CLEARANCE OFFER Roch Digital microwaves,1,9999,
Ramtons RM589 Microwave Grill Microwave,0,19899,
Nunix 20L Microwave Oven,0,8799,20L
OFFER NEW ROCH 20L Microwave,0,10799,20L
CLEARANCE OFFER ICONA 20 Ltrs,0,9499,20 Ltrs
Roch 20 Litres Digital Microwave,0,9250,20 Litres
Nunix Digital Microwave Oven 20L,0,11499,20L
Hisense 20L Microwave,0,8900,20L
CLEARANCE OFFER Ramtons RM672 20LT,0,12999,
Nunix C20PG 20ltrs Digital Microwave,1,10899,20ltrs
Hisense Microwave 30 L Digital,0,20599,30 L
VON 20L DIGITAL MICROWAVE,0,12999,20L
OFFER Haier HP90D23ELB8 Glass Microwave,0,11999,
CLEARANCE OFFER Nunix Microwave Oven,0,11299,
Quality Mika Microwave Oven 20L,0,11449,20L
OFFER Haier HMW20DBM Digital Microwave,0,12999,
LIMITED OFFER LG Didital control,0,33699,
CLEARANCE OFFER Nunix Digital Microwave,0,9999,
20 litres Lyons microwave Analog,0,11647,20 litres
Nunix Digital Microwave Oven 20L,0,10500,20L
TRUSTED SOURCE OF Hisense white,1,11121,
Roch RMW20LD7CWAB 20L Digital Microwave,0,10500,20L
UPGRADE YOUR KITCHEN WITH THESE,0,10000,
Midea 20L Digital Microwave Oven,0,8595,20L
VON HMG202DBVAMG20DGB Grill Microwave 20L,0,16271,20L
CLEARANCE OFFER Hisense 20L Digital,0,10799,20L
CLEARANCE OFFER Nunix Digital Electric,0,10999,
20 Litres Ramtons Digital Microwave,1,15800,20 Litres
Quality RAMTONS 23 LITRES MICROWAVEGRILL,0,17699,23 LITRES
CLEARANCE OFFER Ramtons RM672 20LT,0,12999,
Nunix Digital Microwave 20L Without,0,9699,20L
RAMTONS 23 LITRES MICROWAVEGRILL BLACK,0,23000,23 LITRES
Quality Nunix Microwave Oven 20L,1,11514,20L
CLEARANCE OFFER Roch RMW20PX9B B,0,9999,
CLEARANCE OFFER 20l Icona digital,0,9899,20l
Microwave Oven 20L Nunix Oven,5,7200,20L
CLEARANCE OFFER Icona London 20L,0,8999,20L
CLEARANCE OFFER Icona London 20L,0,8999,20L
CLEARANCE OFFER Icona London 20L,0,8999,20L
Digital Ramtoms microwave RM32020litres,0,13800,
Nunix Microwave Oven 20L WITH,1,12900,20L
VON HMG202DBVAMG20DGB Grill Microwave 20L,0,16740,20L
OFFER Roch RMW 20LM7CBAB Microwave,0,9999,
Lyons V1 20L Microwave Oven,0,15222,20L
Digital microwaves Oven 20L,0,9720,20L
VON HMS210DSVAMS20DGS Digital Solo Microwave,0,16102,
SPECIAL OFFER HISENSE 20 LITRES,1,9699,20 LITRES
20L DigitalGrill Microwave with Multiple,0,11499,20L
Mika Microwave,0,11499,
Hisense Digital Microwave oven,0,12500,
AILYONS D70H20PSC 20L Electric MICROWAVE,2,8899,20L
CLEARANCE OFFER Ramtons RM672 20LT,0,10999,
Hanmac 20L Digital Microwave HMR20EG2,0,13999,20L
Hanmac 20L Digital Microwave HMR20E2,0,12499,20L
2M214 Microwave Oven Magnetron 2M214,0,3100,
2M214 Microwave Oven Magnetron 2M214,0,3099,
20L Digital control redberry microwave,0,9700,20L
20L Redberry microwave oven with,0,10400,20L
20L Redberry Microwave oven with,0,8900,20L
20L Redberry Microwave oven with,0,9000,20L
20L Redberry microwave oven with,0,10500,20L
Hanmac 20L Manual Microwave HMR20M2,0,10999,20L
Hisense H20MOWS11 20 Litres Microwave,0,8990,20 Litres
Mika Microwave Oven 20L With,0,13540,20L
Hisense H25MOMS7HG 25L Microwave Oven,0,24000,25L
Hisense H25MOMS7HG 25L Microwave Oven,0,24200,25L
20L Hisense digital microwaves SILVER,0,16999,20L
20 litres Roch digital microwave,0,10800,20 litres
Hanmac 20L Digital plus grill,0,10990,20L
HANMAC 20L Digital Microwave Elevate,0,10650,20L
Mika 20L Manual Microwave,0,9999,20L
Hanmac 20L Digital plus grill,0,10449,20L
VAMS20DGX Von Microwave Oven Solo,0,12800,
Mika Microwave 19L Black Defrost,0,10989,19L
BUY AT DISCOUNTED PRICENunix 20L,0,6000,20L
MIKA MICROWAVE OVEN GRILL 20LTR,0,13999,
Mika Digital Microwave with Grill20L1,0,10999,
20l Icona digital microwave This,0,10499,20l
20 L synix digital microwave,0,9959,20 L
20L Digital Microwave with Grill,0,10285,20L
Hisense 20L Digital Microwave Oven,0,10999,20L
VON VAMS20DGB 20L 700Watts Microwave,0,11999,20L
VON VAMS20DGB 20L 700Watts Microwave,0,13999,20L
NEW ARRIVALICONA 20 Ltrs Digital,0,12578,20 Ltrs
Redberry 20L Microwave Oven with,0,8499,20L
CLEARANCE OFFER ICONA Microwave oven,0,8799,
20L Powerful Microwave,0,8399,20L
LG MJ3965ACS 39L Smart Inverter,0,71495,39L
Hanmac Microwave 20L Digital with,0,10769,20L
Mika 20L Digital Microwave with,0,10999,20L
CLEARANCE OFFER Haier HMW20DBM Digital,0,13999,
CLEARANCE OFFER Hisense 20L Digital,0,11499,20L
CLEARANCE OFFER Nunix Digital Microwave,0,10799,
Hanmac Microwave 20L Digital with,0,10650,20L
Roch 20Ltrs Digital Microwave Oven,0,10760,20Ltrs
Hanmac Microwave 20L Digital with,0,11086,20L
CLEARANCE OFFER Mika Digital Microwave,0,12999,
Hanmac Microwave 20L Digital with,0,10669,20L
CLEARANCE OFFER Nunix Digital Microwave,0,9999,
20L Litres Sterling microwave oven,0,9500,20L
Mika Microwave Oven 20L Black,0,12499,20L
Rebune Microwave 30Litres Microwave Oven,0,19529,30Litres
Hanmac Microwave Digital 20L HMR20EG2,0,13959,20L
20 litres Haier digital microwave,0,15151,20 litres
Premier PM 204 multi purpose,0,11999,
CLEARANCE OFFER Icona London 20L,0,8799,20L
CLEARANCE OFFER Nunix Digital Microwave,0,10999,
LG MJ3965BCS 39L Smart Inverter,0,67995,39L
Syinix 20L Digital Microwave Oven,0,10410,20L
Roch 20Ltrs Digital Microwave Oven,0,10650,20Ltrs
Roch 20Ltrs Digital Microwave Oven,0,12094,20Ltrs
Roch 20Ltrs Digital Microwave Oven,0,10669,20Ltrs
Mika Microwave 19L Black,0,9690,19L
CLEARANCE OFFER VON VAMS21DGK 700W,0,10999,
CLEARANCE OFFER Nunix Digital Microwave,0,10999,
MIKA MICROWAVE OVEN GRILL 20LTR,0,14445,
LG MH8265CIS 42L NeoChef Grill,0,38995,42L
Hisense 20L Digital Microwave Oven,0,9499,20L
HANMAC DIGITAL MICROWAVE WITH GRILL,0,12623,
Ramtons RM458 Digital Glass Microwave,0,15179,
CLEARANCE OFFER Nunix 20L Digital,0,9999,20L
CLEARANCE OFFER VON VAMS21DGK 700W,0,10999,
Hanmac 20L Manual Microwave with,0,12000,20L
QUALITY ORIGINAL ROCH Microwave manual,0,11000,
Syinix 20 litres microwave oven,0,8666,20 litres
QUALITY ORIGINAL ROCH Microwave manual,0,10500,
LG MS2595CIS 25L NeoChef SOLO,0,28495,25L
LG MS4295CIS 42L NeoChef SOLO,0,33495,42L
LIMITED TIME DEALS Hisense white,0,10500,
LG MH8265DIS 42L NeoChef Grill,0,33495,42L
LG MH6336GIB 23L NeoChef Grill,0,27995,23L
Syinix Microwave Oven 20L,0,10800,20L
CLEARANCE OFFER Hanmac Microwave Digital,0,11499,
CLEARANCE OFFER Syinix 20L Microwave,0,10299,20L
CLEARANCE OFFER Nunix 20L Digital,0,10999,20L
20ltrs MIKA MICROWAVE OVEN GRILL,0,16029,20ltrs
LG MS2535GIS 25L NeoChef SOLO,0,26995,25L
CLEARANCE OFFER Nunix Digital Microwave,0,9999,
CLEARANCE OFFER Haier HMW20DBM Digital,0,14499,
20l Icona digital microwave This,0,9999,20l
CLEARANCE OFFER Syinix 20L Microwave,0,10999,20L
CLEARANCE OFFER Syinix Microwave Oven,0,8399,
NEW ARRIVALS MWO 20ME7DBKBSS Digital,0,10495,
Nunix 20L Digital Microwave Oven,0,11475,20L
Syinix 20L Digital Microwave Oven,0,8999,20L
20 litres von digital microwaveSolo,0,12100,20 litres
CLEARANCE OFFER Hanmac Microwave 20L,0,11999,20L
CLEARANCE OFFER Hanmac Microwave 20L,0,10299,20L
Ramtons RM458 Digital Glass Microwave,0,14888,
Hisense White 20L Digital Microwave,0,10800,20L
HURRY AND PICK YOURS New,0,9999,
Ramtons RM458 Digital Glass Microwave,0,13500,
CLEARANCE OFFER Nunix Digital Microwave,0,9999,
Hanmac Microwave 20L Digital With,0,12659,20L
CLEARANCE OFFER HANMAC Microwave Manual,0,10399,
CLEARANCE OFFER Icona London 20L,0,8999,20L
20LMANUAL MICROWAVE SOLO,1,8000,
VON VAMS21DGK Digital Microwave Oven,0,11880,
20 litres Roch digital microwave,0,10899,20 litres
Ramtons Digital Microwave,0,12999,
Roch 20ltrs Digital Microwave household,0,10699,20ltrs
CLEARANCE OFFER HANMAC Microwave Manual,0,9199,
CLEARANCE OFFER HANMAC Microwave 20L,0,12299,20L
Cooking End Signal 1000 watts,0,9999,
CLEARANCE OFFER Mika MMWMSKH2012B Microwave,0,9999,
CLEARANCE OFFER VON VAMS21DGK 700W,0,11299,
C20MX 20 Litres manual Electric,0,9500,20 Litres
Mika MMWDSTH2342BF Microwave 23Ltrs Without,0,17499,23Ltrs
Icona microwaveswith Rotary Switch Knob,0,10000,
Icona microwaves Countertop Microwave Ovens,0,16000,
QUALITY Von microwave wave digital,0,16999,
QUALITY Von microwave wave digital,0,16999,
CLEARANCE OFFER Syinix 20 litres,0,8399,20 litres
CLEARANCE OFFER Icona London 20L,0,8999,20L
OFFER Roch digital 20litres microwave,0,10999,20litres
Syinix Microwave Manual Oven 20L,0,8505,20L
CLEARANCE OFFER Syinix 20l Microwave,0,8499,20l
Nunix 20l Analog microwave,0,8999,20l
Ramtons RM458 Digital Glass Microwave,0,13500,
Syinix 20 Litres Microwave Oven,0,8640,20 Litres
Nunix 20L Microwave Oven,0,13599,20L
Ramtons RM458 Digital Glass Microwave,0,15159,
HANMAC microwave20L Microwave with 5,0,12499,
CLEARANCE OFFER Ramtons RM458 Digital,0,12999,
Icona Microwave oven 25L With,0,14999,25L
CLEARANCE OFFER Icona London 20L,0,8499,20L
CLEARANCE OFFER HANMAC 3 years,0,11299,
25 LITERS RAMTONS MICROWAVEGRILL RM326,0,18000,25 LITERS
Hisense 20L Digital Microwave Oven,0,10800,20L
700w 20l Microwave Oven Black,0,9999,20l
HANMAC DIGITAL MICROWAVE WITH GRILL,0,12690,
HANMAC MICROWAVE MANUAL 20 Litres,0,9999,20 Litres
20LT MICROWAVE MANUAL WHITE20 litre,0,11999,
CLEARANCE OFFER Nunix 20L Manual,0,8999,20L
CLEARANCE OFFER 20 litres mika,0,12799,20 litres
CLEARANCE OFFER HANMAC 3 years,0,9999,
CLEARANCE OFFER Nunix 20L Electric,0,8999,20L
CLEARANCE OFFER Hanmac Microwave Manual,0,9299,
RESTOCKED Unlock Effortless Cooking Explore,0,12199,
CLEARANCE OFFER Ramtons RM458 Digital,0,12999,
Mika 20L Digital Solo 700w,0,11999,20L
CLEARANCE OFFER VON VAMS21DGK 700W,0,13499,
Nunix 20L Microwave Oven,0,10999,20L
Nunix 20L Microwave Oven,0,9479,20L
HANMAC MICROWAVE DIGITALGRILL 20 Litres,0,13000,20 Litres
CLEARANCE OFFER VON VAMS21DGK 700W,0,13499,
Cooking End Signal 1000 watts,0,12999,
CLEARANCE OFFER Hanmac Microwave Digital,0,11499,
CLEARANCE OFFER Roch 20 Liters,0,9499,20 Liters
CLEARANCE OFFER Nunix 20L Digital,0,10499,20L
OFFER Nunix Microwave Oven 20L,0,12999,20L
ORIGINALHisense H25MOMS7HG 25L Grill Microwave25L,0,17279,25L
CLEARANCE OFFER Hisense 20L Digital,0,11499,20L
AILYONS 20L Defrosting Microwave kitchen,0,10470,20L
Icona London 20L Manual Setting,0,12000,20L
CLEARANCE OFFER Ramtons RM458 Digital,0,12999,
CLEARANCE OFFER ICONA Digital Microwave,0,9999,
Mika MMWMSKH2011W Microwave 20L Manual,0,11950,20L
CLEARANCE OFFER Hisense Digital Microwave,0,10999,
Hisense 20L Microwave OvenTimer2 years,0,9890,20L
CLEARANCE OFFER Mika 20L Digital,0,12499,20L
SPECIAL OFFER MWO 23ME8DBKBSS Digital,0,15500,
Von VAMG21DGK Digital Microwave Oven,0,10980,
CLEARANCE OFFER Nunix Digital Microwave,0,10999,
LIMITED OFFER LG Smart Inverter,0,26799,
OFFER Premier 20L Microwave Ovens,0,11400,20L
Ramtons RM458 Digital Glass Microwave,0,13770,
Nunix 20L Microwave Oven,0,13999,20L
CLEARANCE OFFER HANMAC Microwave 20L,0,12499,20L
haier affordable 20ltrs microwave oven,0,13959,20ltrs
Hisense 25L Grill Microwave Oven,0,22500,25L
CLEARANCE OFFER ICONA 20 Ltrs,0,9999,20 Ltrs
Ramtons RM458 Digital Glass Microwave,0,15399,
Icona Microwave oven 20L With,0,10999,20L
20L HANMAC DIGITAL MICROWAVE WITH,0,13529,20L
Premier 20L Digital Multi Purpose,0,12345,20L
CLEARANCE OFFER Nunix 20L Manual,0,9999,20L
Icona Microwave oven 20L With,0,10999,20L
SYINIX MICROWAVE MANUAL 20L MW72005M,0,10279,20L
CLEARANCE OFFER Roch RMW20PX7PB B,0,9499,
Ramtons RM551 25 LITRES MICROWAVEGRILL,0,22000,25 LITRES
CLEARANCE OFFER Hisense 20L Digital,0,11499,20L
Syinix digital microwave with grill,0,11555,
Nunix 20l Digital microwave with,0,11999,20l
CLEARANCE OFFER Mika 20L Digital,0,13999,20L
CLEARANCE OFFER HANMAC 20L Digital,0,9499,20L
CLEARANCE OFFER Nunix 20L Digital,0,9999,20L
Binatone 20 Litres MWO 2017,0,9990,20 Litres
Roch High Efficiency Commercial Manual,0,11000,
Haier HP90D23ELB8 Glass Microwave Oven,0,21000,
Nunix 20L Microwave Oven with,0,13000,20L
Nunix 20L Microwave Oven,0,11000,20L
Bosch FEL053MS1M Microwave 800W 25L,0,25999,25L
Premier 20L Microwave OvensDigital control,0,14990,20L
BIG SALEPremier Microwave 20ltrs20L microwave,0,9887,
Nunix 20 Litres Manual Setting,0,8888,20 Litres
LG Even Heating and Fast,0,65299,
Icona 20litres manual microwave EASY,0,9650,20litres
CLEARANCE OFFER HANMAC microwave 20l,0,8799,20l
CLEARANCE OFFER Mika MMWMSKH2012B Microwave,0,9999,
CLEARANCE OFFER Haier Microwave 20L,0,13999,20L
BEST MICROWAVE IN TOWN Roch,0,10200,
CLEARANCE OFFER Ramtons RM458 Digital,0,12999,
Syinix 20l manual microwave oven,0,9999,20l
VON Digital Microwave Oven VAMS20DGX,0,13131,
Hisense 25L Grill Microwave Oven,0,26300,25L
RM551 Ramtons Microwave with Grill,0,22000,
Mika Microwave 20L Manual Black,0,10800,20L
ICONA 20 Ltrs Digital Microwave,0,9899,20 Ltrs
ICONA DIGITAL MICROWAVE This convection,0,9898,
CLEARANCE OFFER Mika MMWMSKH2012B Microwave,0,9999,
CLEARANCE OFFER VON VAMS21DGK 700W,0,13499,
CLEARANCE OFFER VON VAMS20DGB 20L,0,13499,20L
Premier Digital 20L Multipurpose Microwave,0,11172,20L
CLEARANCE OFFER Ramtons RM458 Digital,0,12999,
Syinix 20 litres microwave oven,0,9529,20 litres
CLEARANCE OFFER Synix Syinix 20l,0,8999,20l
CLEARANCE OFFER Hisense 20L Digital,0,11999,20L
CLEARANCE OFFER Hisense Digital Microwave,0,10999,
HANMAC microwave manual capacity 20litres,0,9999,20litres
Icona Microwave oven 20L With,0,12999,20L
CLEARNCE OFFER Mika 20L Digital,0,13999,20L
CLEARANCE OFFER Icona London 20L,0,8999,20L
20ltrs Nunnix cm20mx microwave,0,11599,20ltrs
20ltrs Nunnix cm20mx microwave,0,11599,20ltrs
20ltrs Nunnix cm20mx microwave,0,11599,20ltrs
20ltrs Nunnix cm20mx microwave,0,11599,20ltrs
Mika 20L Manual Microwave 700W,0,13000,20L
CLEARANCE OFFER Mika MMWMSKH2012B Microwave,0,10499,
CLEARANCE OFFER VON HMS202DBVAMS20DGB Digital,0,12599,
CLEARANCE OFFER Hisense 20L Microwave,0,11999,20L
CLEARANCE OFFER Ramtons RM458 Digital,0,12999,
EXCLUSIVE DEALS AT A PROMOTION,0,9595,
Haier HMW20DBM Digital Microwave Oven,0,10999,
CLEARANCE OFFER Nunix 20l Digital,0,10999,20l
CLEARANCE OFFER VON VAMS20DGB 20L,0,12999,20L
20ltrs Nunnix cm20mx microwave,0,11599,20ltrs
20ltrs Nunnix cm20mx microwave,0,11599,20ltrs
20ltrs Nunnix cm20mx microwave,0,11599,20ltrs
20ltrs Nunnix cm20mx microwave,0,11599,20ltrs
20ltrs Nunnix cm20mx microwave,0,11599,20ltrs
20ltrs Nunnix cm20mx microwave,0,11599,20ltrs
Hanmac 20L Manual Microwave with,0,9199,20L
Hanmac 20L Digital Microwave with,0,10599,20L
20L DigitalGrill Microwave with Multiple,0,11999,20L
Roch 20 Litres Digital Microwave20,0,13450,20 Litres
CLEARANCE OFFER Ramtons RM458 Digital,0,12999,
OFFER Roch Digital Microwave 20Ltrs,0,10999,20Ltrs
AN OFFER LIKE NO OTHER,0,15161,
ICONA 20 Ltrs Digital Microwave,0,10999,20 Ltrs
Mika Microwave Oven 20L Digital,0,16499,20L
CLEARANCE OFFER ICONA 20 Ltrs,0,9999,20 Ltrs
CLEARANCE OFFER Ramtons RM458 Digital,0,12999,
Nunix Digital Microwave Oven 20L,0,10190,20L
LIMITED OFFER LG Neo chef,0,33659,
Ramtons RM458 20L Digital Glass,0,12410,20L
Nunix 20L Digital Microwave Oven,0,11999,20L
KITCHEN Digital microwave oven 20,0,16200,
kitchen Digital microwave oven 20,0,14520,
ROCH DIGITAL MICROWAVE OVEN 20L,0,9990,20L
TOP QUALITY HANMAC 20LITRES 10000WATS,0,11000,20LITRES
ROCH RMW20L8MBB MICROWAVE MANUAL 20L,0,9500,20L
Hisense H20MOMS1 20L Microwave,0,18800,20L
CLEARANCE OFFER Mika 20L Digital,0,13999,20L
Premier 20L Microwave Ovens,0,11400,20L
Microwave Alyionz manual,0,13230,
Hisense microwave digital 20 ltrs,0,13279,20 ltrs
Nunix 20L Digital Electric Microwave,0,10955,20L
Mika Mirrored Microwave Output 700W,0,21000,
Mika Manual Microwave Oven 20L,0,10500,20L
CLEARANCE OFFER Hisense H20MOBS11 20L,0,12999,20L
CLEARANCE OFFER Hisense H20MOBS11 20L,0,12999,20L
CLEARANCE OFFER Hisense Digital Microwave,0,12999,
CLEARANCE OFFER Mika 20L Digital,0,13999,20L
Syinix 20l microwave ovenCOMPACT The,0,10999,20l
CLEARANCE OFFER Mika MMWMSKH2012B Microwave,0,10999,
CLEARANCE OFFER Hisense Digital Microwave,0,13999,
AILYONS Microwave 20ltrs kitchen appliances,0,10272,20ltrs
Synix Syinix 20l microwave ovenCOMPACT,0,10555,20l
Roch 20 Liters Digital Microwave,0,10999,20 Liters
Icona Microwave oven 25L With,0,13999,25L
Glass door Roch Manual Microwave,0,9780,
RESTOCKED Synix 20L 700W Microwave,0,9999,20L
Nunix C20MX1 20ltrs Microwave Oven,0,8499,20ltrs
CLEARANCE OFFER Mika MMWMSKH2012B Microwave,0,10999,
MIKA Microwave Oven 20L with,0,15622,20L
MIKA MICROWAVE OVEN GRILL 20LTR,0,15455,
MIKA Microwave Oven 20L with,0,15030,20L
CLEARANCE OFFER ICONA 20 Ltrs,0,9299,20 Ltrs
OFFER Roch Digital Microwave 20ltrs,0,10955,20ltrs
Von Microwave 20L Digital,0,14279,20L
Microwave manual nunix 20ltrs,0,13230,20ltrs
VON HMG202DBVAMG20DGB Grill Microwave 20L,0,16710,20L
CLEARANCE OFFER Nunix 20L Manual,0,8999,20L
Ramtons RM551 25 LITRES MICROWAVEGRILL,0,21980,25 LITRES
CLEARANCE OFFER Roch RMW20PX7PB B,0,9399,
Hanmac 20L digital plus grill,0,13279,20L
CLEARANCE OFFER Mika 20L Digital,0,13999,20L
Roch 20 Litres Digital Microwave20,0,13450,20 Litres
Ramtons 20 Litres Digital Microwave,0,15779,20 Litres
MICROWAVE OVEN 20L Nunix Digital,0,15130,20L
CLEARANCE OFFER HANMAC 20L Manual,0,8999,20L
20L Digital Electric Microwave Oven,0,11299,20L
hisense Digital Microwave20L capacity 11,0,12000,
CLEARANCE OFFER Syinix 20l microwave,0,8999,20l
CLEARANCE OFFER Roch 20 Litres,0,9999,20 Litres
HANMAC DIGITAL MICROWAVE WITH GRILL,0,12690,
CLEARANCE OFFER Hisense 20L Digital,0,10999,20L
CLEARANCE OFFER 20l Icona digital,0,9999,20l
New Sterling Microwave Oven 20L,0,10485,20L
Nunix Microwave Oven 20L With,0,8394,20L
CLEARANCE OFFER Roch 20 Litres,0,10399,20 Litres
20L Nunix Microwave,0,9200,20L
PRICE REDUCED NOWBlack and silver,0,13555,
Roch digital microwave 20L RMW20PX7PBB,0,10499,20L
MICROWAVE OVEN 20L Roch Digital,0,12950,20L
RESTOCKED Hisense 20L Microwave H20MOMS11,0,12799,20L
Angry mama kitchen microwave steam,0,899,
Nunix 20L Microwave Oven,0,9999,20L
Premier microwave digital,0,13000,
RAMTON 30 LITERS CONVECTION MICROWAVE,0,27300,30 LITERS
CLEARANCE OFFER Nunix 20L Manual,0,9999,20L
Premier 20ltrs Digital Microwave,0,14000,20ltrs
Roch Digital Microwave 20ltrs kitchen,0,10656,20ltrs
Premier Microwave20L solo microwave Adjustable,0,10464,
Hisense 20L Microwave Oven,0,8900,20L
ENJOY DELICIOUS FOOD Icona London,0,12400,
Mika Microwave Output 700W Capacity,0,14000,
Mika Microwave Output 700W Capacity,0,14000,
Mika Microwave Output 700W Capacity,0,14000,
Mika Microwave Output 700W Capacity,0,14000,
Mika Microwave Output 700W Capacity,0,14000,
Mika Microwave Output 700W Capacity,0,14000,
Mika Microwave Output 700W Capacity,0,14000,
Mika Microwave Output 700W Capacity,0,14000,
Mika Microwave Output 700W Capacity,0,14000,
Mika Microwave Output 700W Capacity,0,14000,
Mika Microwave Output 700W Capacity,0,14000,
Lyons 20L Microwave Oven With,0,15222,20L
CLEARANCE OFFER Hisense H20MOBS11 20L,0,12999,20L
OFFER OFFER Nunix Digital Microwave,0,12560,
Nunix Top quality digital microwave,0,11077,
Premier 20ltrs Digital Microwave,0,14000,20ltrs
AFFORDABLE PRICE Nunix Digital Microwave,0,13699,
Microwave oven premier 20 ltrs,0,9500,20 ltrs
Sterling digital microwave,0,10877,
Premier microwave digital 20ltrs,0,12877,20ltrs
Nunix 20L Microwave Oven,0,9179,20L
Microwave digital grill with oven20ltrs,0,10789,
Roch 20 litres digital microwave,0,10769,20 litres
Digital microwave oven 20 ltr,0,10500,
Manual microwave 20 ltrs sterling,0,9900,20 ltrs
Digital microwave oven 20 ltrs,0,12567,20 ltrs
Digital microwave oven 20 ltrs,0,12876,20 ltrs
Microwave manual White 20 ltrs,0,10988,20 ltrs
Roch Digital 20ltrs Microwave,0,9599,20ltrs
Premier Digital Microwave With Grill,0,12999,
Von VAMG20DGB 20L Microwave Oven,0,13999,20L
Premier microwave digital,0,12345,
Sterling digital microwave,0,9876,
Hisense 20L Digital Microwave Oven,0,16350,20L
Quality Nunix Microwave Oven 20L,0,12259,20L
Sterling Digital Microwave Oven 20LRated,0,11850,
RAMTONS 20L 700W DIGITAL MICROWAVE,0,12499,20L
Hanmac 20L digital microwave 3,0,12279,20L
VON HMG210DSVMG20DGS DIGITAL MICROWAVE GRILL,0,14999,
CLEARANCE OFFER Roch RMW20PX9B B,0,10499,
CLEARANCE OFFER Roch Microwave Oven,0,10399,
OFFER Roch RMW20PX9B B Microwave,0,9999,
Premier 20L Digital Microwave With,0,13300,20L
CLEARANCE OFFER Roch RMW20PX9B B,0,9999,
Mika Manual Microwave 20 litres,0,10888,20 litres
PROMOTION Nunix Digital Microwave Oven,0,14199,
Hanmac 20L manual microwave 3,0,10029,20L
20 litres microwave oven use,0,11160,20 litres
CLEARANCE OFFER Hisense 20L Digital,0,12999,20L
Roch Digital Mirowave20 Liters capacity,0,9795,
CLEARANCE OFFER Hisense Digital Microwave,0,12999,
CLEARANCE OFFER Hisense Microwave Oven,0,12999,
Ramtons RM458 Digital Glass Microwave,0,12500,
Roch 20Ltrs Digital Microwave Oven,0,9990,20Ltrs
Von VAMS21DGK Digital Microwave Oven,0,12990,
LIMITED OFFER LG smart inverter,0,38099,
VON Microwave Oven Solo 20L,0,12560,20L
CLEARANCE OFFER Nunix 20l Analog,0,8999,20l
HISENSE DIGITAL 23 LITRES MICROWAVE,0,14999,23 LITRES
Roch digital microwave 20L RMW20PX7PBB,0,10500,20L
CLEARANCE OFFER Icona London 20L,0,8999,20L
Nunix 20L Digital Microwave No,0,10125,20L
Roch Manual Microwave Oven 700W,0,11299,
CLEARANCE OFFER Syinix Microwave Manual,0,8999,
EXPERIENCE QUALITY ICONA 20 Ltrs,0,13499,20 Ltrs
CLEARANCE OFFER Roch Manual Microwave,0,9299,
CLEARANCE OFFER Roch Manual Microwave,0,9499,
Roch 20Ltrs Digital MiCook end,0,9999,20Ltrs
Ramtons RM320 Digital Microwave 20L,0,15000,20L
Nunix microwave digital grill 20,0,15200,
AILYONS 20 Litres Microwave Oven,0,9000,20 Litres
LIMITED OFER LG NeoChef Microwave,0,27699,
Nunix 20L Microwave Oven,0,10499,20L
Quality 20L Nunix microwave,0,10532,20L
Von Analog Microwave 20Litres,0,13726,20Litres
ROCH Digital Microwave35 minutes timer,0,10755,
Icona London 20L DIGITAL MICROWAVE,0,9999,20L
Roch Manual Microwave Oven 700W,0,10999,
CLEARANCE OFFER Hisense Digital Microwave,0,12999,
Quality Nunix Microwave Oven 20L,0,17999,20L
Roch 20 Liters Digital Microwave,0,10800,20 Liters
CLEARANCE OFFER Hisense H20MOMS11 20L,0,12999,20L
CLEARANCE OFFER Ramtons RM458 Digital,0,12999,
CLEARANCE OFFER Hisense digital microwave,0,12999,
CLEARANCE OFFER Hisense H20MOWS10 20L,0,10999,20L
CLEARANCE OFFER Roch RMW20PX9B B,0,9999,
CLEARANCE OFFER Icona London 20L,0,8999,20L
CLEARANCE OFFER Hisense H20MOWS10 20L,0,12999,20L
CLEARANCE OFFER Hisense Digital Microwave,0,12999,
CLEARANCE OFFER Ramtons RM672 20LT,0,12999,
CLEARANCE OFFER Hisense digital microwave,0,12999,
CLEARANCE OFFER Icona London 20L,0,9499,20L
CLEARANCE OFFER Ramtons RM458 Digital,0,12999,
Nunix Microwave Oven,0,11550,
CLEARANCE OFFER Roch RMW20PX9B B,0,9999,
CLEARANCE OFFER Hisense H20MOWS10 20L,0,12999,20L
CLEARANCE OFFER Ramtons RM458 Digital,0,12999,
CLEARANCE OFFER Hisense digital microwave,0,12999,
CLEARANCE OFFER Hisense Digital Microwave,0,12999,
Nunix 20L Digital Microwave Oven,0,12200,20L
Nunix 20L Electric Microwave C20MX,0,11000,20L
Icona London 20L Manual Setting,0,11100,20L
CLEARANCE OFFER Ramtons RM458 Digital,0,13999,
CLEARANCE OFFER Ramtons RM459 20L,0,12999,20L
CLEARANCE OFFER Roch RMW20PX9B B,0,10499,
CLEARANCE OFFER Ramtons RM672 20LT,0,12999,
CLEARANCE OFFER Nunix Microwave Oven,0,9999,
CLEARANCE OFFER Haier HMW28DBM Digital,0,17999,
CLEARANCE OFFER Haier HMW20MB Analog,0,17999,
CLEARANCE OFFER Nunix 20L Electric,0,9990,20L
CLEARANCE OFFER Nunix 20L Electric,0,9999,20L
CLEARANCE OFFER Hisense H20MOMS11 20L,0,12999,20L
CLEARANCE OFFER Nunix Microwave Oven,0,9999,
CLEARANCE OFFER Haier HMW20MB Analog,0,10999,
CLEARANCE OFFER Roch RMW20PX7HBB Microwave,0,10499,
CLEARANCE OFFER Haier HMW20MB Analog,0,17999,
CLEARANCE OFFER Haier HMW28DBM Digital,0,17999,
CLEARANCE OFFER Roch RMW20PX7HBB Microwave,0,10500,
CLEARANCE OFFER Roch 20ltrs Digital,0,10599,20ltrs
CLEARANCE OFFER Icona London 20L,0,8999,20L
Nunix 20L Digital Electric Microwave,0,12121,20L
Nunix Digital Microwave with Grill,0,12000,
Mika MMWMSKH2011W Microwave 20L Manual,0,11950,20L
TORNADO TM25MS 25L MICROWAVE 900W,0,14000,25L
CLEARANCE OFFER 20L Hisense digital,0,12999,20L
Haier Microwave Oven 700W 20L,0,12790,20L
Roch digital microwave 20 litres,0,9699,20 litres
New Arrival Ramtons RM326 Digital,0,20149,
OFFER Roch 20PX78L Microwave Oven,0,9599,
Mika Lee Microwave Oven 20L,0,16000,20L
Roch manual microwave Dont waste,0,9720,
kitchen AILYONS Microwave Oven 20L,0,13999,20L
Roch 20ltrs Digital Microwave20 Liters,0,13600,20ltrs
CLEARANCE OFFER Nunix 20 LITRES,0,9499,20 LITRES
CLEARANCE OFFER Hisense digital microwave,0,12999,
Nunix microwave 20L microwave appliance,0,12000,20L
nunix manual microwave 20litres c20mx,0,9720,20litres
Roch digital microwave 20L RMW20PX7PBB,0,10499,20L
Roch 20 litres digital microwave,0,9855,20 litres
Premier 20L Luxurious Digital Microwave,0,11389,20L
OFFER NEW GENERATION Roch 20ltrs,0,9999,20ltrs
Angry mama kitchen microwave steam,0,999,
MIKA Microwave Oven 20L with,0,13790,20L
20 litres Ramtoms microwaveRM 237Digital,0,12888,20 litres
20 litres Ramtoms microwaveRM 237Digital,0,12598,20 litres
Digital Ramtoms microwave RM320,0,12600,
20 litres microwave oven use,0,10951,20 litres
Premier Multi Purpose Microwave Oven,0,12545,
ICONA 20 Ltrs Digital Microwave,0,10700,20 Ltrs
20 Litres Hisense digital microwave,0,13524,20 Litres
kitchen AILYONS Digital Microwave Oven,0,19918,
CLEARANCE OFFER Nunix 20 LITRES,0,9999,20 LITRES
Icona 20ltrs Analog Microwave with,0,9399,20ltrs
VON Digital Microwave Oven VAMS20DGX,0,18333,
OFFER Roch L Microwave Oven,0,11599,
Roch L Microwave Oven Black,0,10799,
OFFER Nunix 20L Microwave Oven,0,10199,20L
OFFER Nunix 20L Microwave Oven,0,10999,20L
OFFER Nunix Microwave Oven 20L,0,10499,20L
OFFER Roch 20L Microwave Oven,0,10199,20L
OFFER Nunix Microwave Oven 20L,0,10999,20L
OFFER Roch 20ltrs Digital Microwave,0,11999,20ltrs
OFFER Nunix 20L Microwave Oven,0,11299,20L
OFFER Nunix 20L Microwave Oven,0,9999,20L
OFFER Nunix Microwave Oven 20L,0,10599,20L
OFFER ROCH 20L Microwave Oven,0,10999,20L
ON OFFER 25L Rebune Microwave,0,11999,25L
OFFER Nunix 20L Microwave Oven,0,8999,20L
OFFER Nunix 20L Microwave Oven,0,10999,20L
Quality Affordable Roch Manual Microwave,0,9699,
Synix 20L Manual microwave,0,10399,20L
Nunix Digital microwave 20L,0,12529,20L
Roch Digital microwaves Oven 20L,0,10595,20L
Roch 20 Liters Digital Microwave,0,10995,20 Liters
Nunix Microwave Oven 20L C20MXX1,0,9899,20L
Original Ramtons kitchen Digital Microwave,0,16999,
20ltrs Nunix cm20mx microwave,0,9899,20ltrs
20ltrs Microwave Nunix C20Gp digital,0,10999,20ltrs
20 liters premier microwave with,0,11999,20 liters
20ltrs Nunnix cm20mx microwave,0,11599,20ltrs
Original Ramtons Digital Microwave White,0,14839,
Premier 20L Microwave Oven 20L,0,23000,20L
Best Roch 20ltrs Digital Microwave,0,11099,20ltrs
20 liters premier microwave with,0,11999,20 liters
20ltrs Nunix cm20mx microwave,0,9899,20ltrs
Best Roch 20ltrs Digital Microwave,0,11099,20ltrs
20L Nunix microwave,0,10649,20L
Nunix 20L Digital Microwave Oven,0,11192,20L
Mika manual Microwave White painted,0,10125,
Roch 20ltrs Digital Microwave kitchen,0,22500,20ltrs
kitchen Rebune Digital Microwave,0,14999,
Roch Manual Microwave Oven 700W,0,9720,
20 Ltrs Mika Microwave,0,10900,20 Ltrs
Roch digital microwave,0,11999,
20LTRS Premier digital microwaves,0,11999,20LTRS
OFFER Nunix Microwave Oven 20L,0,12999,20L
Synix 20l microwave oven,0,13500,20l
MIKA MMWMSKH2014B Microwave Oven 20L,0,12500,20L
OFFER Nunix 20L Digital Electric,0,11099,20L
Hisense 20L Microwave H20MOWS10,0,10500,20L
Synix Syinix 20l microwave oven,0,10600,20l
Ramtons Kitchen Digital Microwave,0,15999,
Nunix C20PG1 20ltrs Digital Microwave,0,9299,20ltrs
Nunix 20L Manual Setting Microwave,0,9450,20L
NEW PRODUCT IN TOWN VON,0,15600,
QUALITY VON 20L DIGITAL MICROWAVE,0,14399,20L
Original Ramtons Digital Microwave,0,14839,
Quality VON VAMS20MGX Microwave Oven,0,22999,
Quality Hisense 20L Microwave Oven,0,23999,20L
BEKO DIGITAL MICROWAVE BMO390 UK,0,18995,
ROCH DIGITAL MICROWAVE35 minutes timer,0,9720,
Nunix 20L Digital Electric Microwave,0,11449,20L
Digital microwave with grill Warms,0,11205,
Roch Digital Microwave 20ltrs11 Microwave,0,10588,
CLEARANCE OFFER Roch 20 Liters,0,9399,20 Liters
CLEARANCE OFFER Roch 20 Liters,0,8999,20 Liters
Nunix 20L Microwave Oven,0,9000,20L
Manual microwave The microwave has,0,9450,
Syinix 20l microwave oven Easyclean,0,10585,20l
Nunix C20MX 20L Manual Setting,0,8740,20L
Nunix 20L Microwave Oven Grill,0,10999,20L
Quality Von VAMS20DGS Microwave Oven,0,13849,
Microwave oven,0,8399,
Affordable Hisense H30MOMS9H Microwave 30litres,0,24299,30litres
SHARE THIS PRODUCT Roch Digital,0,11450,
Original Ramtons Digital Microwave,0,14839,
Original Ramtons Digital Microwave White,0,14839,
Original Ramtons Digital Microwave White,0,14839,
Original Ramtons Digital Microwave,0,14839,
Original Ramtons Digital Microwave,0,14839,
Original Ramtons kitchen Digital Microwave,0,17150,
Original Ramtons Digital Microwave,0,14839,
20ltrs icona microwave digital,0,16000,20ltrs
20ltrs icona microwave digital,0,16000,20ltrs
Hisense H25MOBS7H 25L Microwave Oven,0,16000,25L
Nunix 20L Electric Microwave Oven,0,12609,20L
Nunix 20L Microwave Oven offers,0,11155,20L
Icona 20ltrs Analog Microwave with,0,9399,20ltrs
Nunix 20L Microwave Digital,0,10999,20L
NUNIX 20ltrs 800W Microwave Oven,0,10999,20ltrs
NUNIX Microwave Oven Digital with,0,10999,
nunix manual microwave 20litres c20pgQuickly,0,11880,20litres
nunix manual microwave 20litres c20pg1Nunix,0,11070,20litres
Roch Digital Microwave This is,0,9500,
Quality Nunix 20L Microwave Digital,0,20999,20L
Quality Affordable Nunix 20L Digital,0,24999,20L
Ramtons 20Litres Digital Microwave RM,0,16999,20Litres
Official Store Ramtons RM310 MicrowaveGrill,0,30599,
Nunix 20L Microwave Digital,0,10999,20L
Ramtons RM328 20L Manual Microwave,0,12500,20L
Original Ramtons kitchen Digital Microwave,0,16989,
Original Ramtons kitchen Digital Microwave,0,16989,
Original Ramtons kitchen Digital Microwave,0,16989,
20 ltrs 700W Ramtons Digital,0,13774,20 ltrs
Crazy Deal New 2023 Sterling,0,10864,
Premier Digital Microwave,0,12000,
Original Ramtons kitchen Digital Microwave,0,16989,
20 Litres Hisense digital microwave,0,13386,20 Litres
Original Ramtons kitchen Digital Microwave,0,16989,
Crazy Deal New 2023 Sterling,0,10864,
20 litres Digital electric microwave,0,12445,20 litres
20 ltrs 700W Ramtons Digital,0,13774,20 ltrs
Binatone 20 Liters Analogue Microwave,0,9700,20 Liters
20 Litres Unix kitchen Microwave,0,11640,20 Litres
Original Ramtons kitchen Digital Microwave,0,16989,
Premier 20L Digital Multi Purpose,0,9500,20L
20 litres Analog Roch kitchen,0,9628,20 litres
20 litres Analog Roch kitchen,0,9538,20 litres
Affordable RAMTONS 20 LITERS DIGITAL,0,13299,20 LITERS
New Arrival Ramtons RM458 20L,0,13749,20L
HISENSE DIGITAL 23L MICROWAVE,0,14499,23L
New Arrival Ramtons RM589 23L,0,17699,23L
BEKO MICROWAVE BMO383 UK 20L,0,14995,20L
Ramtons kitchen Digital microwave capacity,0,15999,
Premier Multi Purpose Microwave Oven,0,13340,
Premier microwave 20ltrs has a,0,11388,20ltrs
Roch 20ltrs Digital Microwave,0,10900,20ltrs
Nunix Microwave Oven 20L,0,11700,20L
Quality 20LTR Premier microwaves,0,12299,
Roch 20ltrs Digital Microwave20 Liters,0,13600,20ltrs
Mika kitchen Microwave,0,11845,
Syinix Microwave Oven Digital MW102004D,0,13999,
Digital microwave 20litres digital ROCH,0,12499,20litres
Quality Ramtons RM23820L Digital Microwave,0,14620,
Black and silver hisense Digital,0,12150,
SHARE THIS PRODUCT Roch 20ltrs,0,21899,20ltrs
Ramtons kitchen Digital microwave capacity,0,15999,
Premier 20L Digital Multi Purpose,0,12666,20L
Nunix 20L Digital Microwave Oven,0,12499,20L
Ramtons kitchen Digital microwave capacity,0,15999,
Ramtons kitchen Digital microwave capacity,0,15999,
Nunix manual microwave 20 litres,0,11999,20 litres
Original Ramtons Digital Microwave White,0,14839,
Syinix Microwave Manual Oven 20L,0,11999,20L
AILYONS 20 Litres Microwave Oven,0,9000,20 Litres
Hisense H20MOBS11 20L Digital Microwave,0,11200,20L
Nunix Digital Microwave Oven 20L,0,13900,20L
AILYONS Microwave Easy Digital Control,0,9899,
AILYONS Microwave Easy Digital Control,0,9399,
Nunix 20L Digital Microwave Oven,0,10550,20L
Von VAMS20DGX Microwave Oven Solo,0,14399,
MICROWAVE 20L WITH KNOBANALOG,0,10999,20L
Icona London 20L Manual Setting,0,14000,20L
20 litre RAMTONS MICROWAVEGRILL RM210,0,18540,
20 liters Analog Roch kitchen,0,9165,20 liters
20ltrs Nunix analog control kitchen,0,10347,20ltrs
20ltrs Nunnix analog control kitchen,0,10377,20ltrs
20ltrs Nunix analog control kitchen,0,10179,20ltrs
AILYONS D70H20PSC 20L Electric MICROWAVE,0,9899,20L
Mika Microwave Voltage AC 230240V50Hz,0,11843,
20 litres Analog Roch kitchen,0,9628,20 litres
RAMTONS MICROWAVEGRILL 20LRM240,0,15849,
Quality Ramtons MANUAL Microwave Oven,0,13749,
Roch 20Ltrs Digital Microwave Oven,0,10000,20Ltrs
20 litres Roch electric microwave,0,10999,20 litres
Roch 20ltrs Digital Microwave,0,12999,20ltrs
20 litres Roch electric microwave,0,10560,20 litres
20 litres Roch electric microwave,0,10999,20 litres
Mika manual Microwave MIKA Manual,0,10125,
20 Litres Icona electric manual,0,11200,20 Litres
20 Litres Electric microwave oven,0,13990,20 Litres
Roch RMW20PX7HB 20 litres DIGITAL,0,9670,20 litres
HISENSE DIGITAL 23 LITRES MICROWAVE,0,14999,23 LITRES
NUNIX DIGITAL MICROWAVE 20 LITERS,0,9995,20 LITERS
Binatone microwave binatone 20litres microwave,0,10999,20litres
Nunix microwave 20L microwave appliance,0,12500,20L
Nunix microwave 20L microwave appliance,0,12000,20L
Rebune Digital Microwave 25 Litres,0,15450,25 Litres
Nunix 20L Microwave Oven With,0,11500,20L
Nunix 20L Microwave Oven,0,13599,20L
Midea Microwave Oven Manual 20L,0,12999,20L
OFFER Roch Digital Microwave 20ltrs,0,11999,20ltrs
OFFER Roch Digital Microwave 20ltrs,0,10999,20ltrs
OFFER Premier 20L Microwave Ovens,0,11999,20L
OFFER Premier 20L Microwave Ovens,0,10999,20L
20 Litres Multipurpose Premier microwave,0,10999,20 Litres
23Ltrs Digital Control Microwave with,0,11599,23Ltrs
20Ltrs Digital Control Microwave P70H20ELA5H,0,8999,20Ltrs
20 litres Analog Roch kitchen,0,9628,20 litres
Quality Nunix Microwave Oven 20L,0,12578,20L
Quality 20L Nunix microwave,0,10805,20L
microwave20 Litres manual Electric Nunix,0,10750,
20 litre RAMTONS DIGITAL MICROWAVE,0,15450,
Mika kitchen Microwave,0,12305,
Premier 20L Digital Multi Purpose,0,13599,20L
AILYONS 20L Digital Control Microwave,0,8999,20L
Mika manual Microwave Output 700W,0,10125,
700w 20L Microwave OvenManual,0,9100,20L
Microwave Oven 20L Nunix E20R,0,7199,20L
MIKA MICROWAVE OVEN GRILL 20LTR,0,14445,
Mika Microwave,0,11843,
Original Ramtons Digital Microwave White,0,14839,
Roch Manual Microwave Oven 700W,0,13456,
Mika Digital Microwave with Grill,0,18000,
Mika manual Microwave Minutes Timer,0,10125,
Von Analog Microwave 20Litres,0,14083,20Litres
Roch 20L Digital Microwave,0,12000,20L
Syinix 20l microwave oven,0,10585,20l
Synix 20L Microwave with grill,0,17000,20L
Microwave digital nunix,0,16999,
Black and silver hisense Digital,0,13050,
Mika Microwave,0,11843,
Mika Microwave,0,11843,
SPECIAL OFFERSSynix Syinix 20l microwave,0,9500,20l
High Quality 20ltrs Nunix Digital,0,11899,20ltrs
OFFER OFFER BEST OF ALL,0,15800,
Quality 20 ltrs Nunix Black,0,11499,20 ltrs
Digital microwaveThe microwave has a,0,10800,
Syinix Electric Microwave Oven 20L,0,10990,20L
Mika Microwave,0,11845,
Roch 20 litres Digital Microwave,0,8999,20 litres
Syinix 20l microwave oven,0,9855,20l
Roch 20Ltrs Microwave,0,12300,20Ltrs
Hisense 20L Microwave,0,10999,20L
Roch 20 litres digital microwave,0,9855,20 litres
20 ltrs Nunix Black microwave,0,11499,20 ltrs
20 ltrs Nunix Black microwave,0,11499,20 ltrs
20ltrs Nunix Digital Microwave with,0,11899,20ltrs
20ltrs Nunix Digital Microwave with,0,11899,20ltrs
Ramtons 20L Digital Microwave,0,12750,20L
Ramtons 20Litres Digital Microwave RM,0,15000,20Litres
Classy 20 ltrs Nunix Manual,0,10499,20 ltrs
Nunix Digital microwave with Grill,0,12997,
Haier Digital Microwave Oven 20L,0,13990,20L
Roch Digital Microwave 20 Litres,0,9250,20 Litres
Mika Digital Microwave with Grill,0,13999,
Synix Manual Microwave 20L,0,9990,20L
Nunix Digital microwave Without Grill,0,12497,
20 ltrs Nunix Manual Microwave,0,10499,20 ltrs
Roch 20Ltrs Microwave,0,12300,20Ltrs
20 ltrs Nunix Manual Microwave,0,10499,20 ltrs
Classy Roch microwave manual 20,0,10999,
Roch microwave manual 20 lrts,0,10999,
20L Nunix Microwave,0,9199,20L
Microwave Digital Nunix Black,0,10299,
Nunix manual microwave 20litres,0,10497,20litres
Roch microwave manual 20 lrts,0,10999,
Roch microwave manual 20 lrts,0,10999,
20L Nunix microwave,0,14999,20L
Hisense microwave,0,17999,
NUNIX 3 IN 1 BREAKFAST,1,5740,
Nunix Electric oven40L Electric Oven,0,8910,
Nunix 20L Electric Rotisserie Oven,1,5749,20L
Nunix 4 Knob Settings 40L,0,8910,40L
affordable black Oven 20L,0,7089,20L
NUNIX 3 IN 1 BREAKFAST,1,5880,
Nunix 20L Electric Rotisserie Oven,0,8100,20L
Lyons RO2001 Electric Oven Rotisserie,0,7500,
75 L REBUNE ELECTRIC DOUBLE,0,23220,75 L
Rebune RE10031 75 L Commercial,0,23220,75 L
Rebune RE10030 45 Litres Electric,0,16470,45 Litres
45 L REBUNE COMMERCIAL DOUBLE,0,16470,45 L
TLAC 100L Electric Oven Conventional,0,23355,100L
NUNIX 3 IN 1 BREAKFAST,0,5880,
VOLSMART 20L Modern Electric Oven,0,6160,20L
TLAC 100L Electric Oven Conventional,0,23625,100L
Nunix 4 Knob Settings 40L,0,8280,40L
75 Litres Rebune RE10031 Commercial,0,23220,75 Litres
VOLSMART VLOV0200 Rotisserie 1500W Electric,0,6075,
Nunix 4 Knob Settings 40L,0,8910,40L
CLEARANCE OFFER Nunix 50 55cm,0,25999,
VOLSMART Oven 20L Modern Electric,0,6075,20L
Nunix E20R Electric Oven With,0,6210,
Nunix E40R 40L Electric Oven,0,8910,40L
VOLSMART 20L Modern Electric Oven,0,6075,20L
Nunix 4 Knob Electric oven40L,0,8910,
Nunix 40L Electric Rotisserie Oven,0,8910,40L
Nunix 20L Electric Rotisserie Oven,0,7689,20L
Nunix 40L Electric Oven With,0,8910,40L
Nunix 20L Electric Oven With,0,6210,20L
20 litres volsmart electric oven,0,6849,20 litres
Sokany 3 In 1 Breakfast,1,5392,
Oven 20LNunix Electric Rotisserie,0,6300,
Rebune RE10030 45 Liters Electric,0,16470,45 Liters
20 L VOLSMART Modern Electric,0,6075,20 L
Nunix 20L Electric Rotisserie Oven,0,5779,20L
CLEARANCE OFFER Sayona 3 Gas1Hot,0,23999,
CLEARANCE OFFER Sayona 3 Gas1Hot,0,23999,
Nunix 60L Electric Rotisserie Oven,0,19599,60L
Sokany 3 In 1 Breakfast,0,6189,
CLEARANCE OFFER Nunix 50 60cm,0,25999,
3 in 1 coffee maker,0,6899,
CLEARANCE OFFER MultiFunctional Halogen Oven,0,6499,
20L Electric Rotisserie Oven For,1,58909,20L
20L Electric Rotisserie Oven For,0,6300,20L
Nunix E20R 20ltrs Rotisserie Electric,0,5699,20ltrs
CLEARANCE OFFER Sayona3 Gas1Hot Plate,0,22999,
CLEARANCE OFFER Sayona SGC 50E31BL3,0,23999,
Signature 45 Ltr Double Doors,0,13915,
CLEARANCE OFFER Nunix 3 Gas,0,28999,
Nunix 20L Electric Rotisserie Oven,0,5778,20L
Nunix 20L Electric Rotisserie Oven,0,5999,20L
REBUNE OVEN 45L RE10024,0,11029,45L
CLEARANCE OFFER Nunix 50 55cm,0,25999,
CLEARANCE OFFER Nunix 3 Gas,0,24999,
CLEARANCE OFFER Nunix 50 55cm,0,25999,
CLEARANCE OFFER Nunix 60 by,0,27999,
classy affordable digital with grill,0,12959,
Nunix 20L Electric Rotisserie Oven,0,7599,20L
CLEARANCE OFFER Nunix 3 Gas,0,28999,
classy classical digital no grill,0,12029,
Nunix 4 Knob Settings 40L,0,8910,40L
affordable Nunix oven 40L,0,9959,40L
3Pcs Round Bakeware Set With,0,1399,
Solastar micro oven MWO23 MA,0,17299,
Nunix 20L Electric Rotisserie Oven,0,8899,20L
Nunix 20L Electric Oven With,0,6345,20L
Nunix 20L Electric Rotisserie Oven,0,5779,20L
LG MS2042DB 20L iWave Black,0,20495,20L
Premier PM 204 DIGITAL MOCROWAVE,0,31500,
Nunix 20L Electric Rotisserie Oven,0,6960,20L
3in1 3in1 Sokany Breakfast Maker,0,8400,
Nunix 20L Electric Rotisserie Oven,0,6195,20L
Jiko koa high quality BIG,0,5799,
Nunix 20L Electric Rotisserie Oven,0,5900,20L
Premier COMMERCIAL ELECTRIC OVEN 0NE,0,91800,
Roch 20 Liters Digital MicrowaveDont,0,11599,20 Liters
Nunix Electric Rotisserie Oven,0,13190,
Nunix Electric Rotisserie Oven,0,14285,
Nunix 20L Electric Rotisserie Oven,0,6349,20L
20 Litres Electric Rotisserie Oven,0,10700,20 Litres
Nunix 3 IN 1 BREAKFAST,0,8100,
Nunix 20L Electric Rotisserie Oven,0,8700,20L
3Pcs Round Bakeware Set With,0,1800,
Nunix oven 40 ltrs,0,8433,40 ltrs
CLEARANCE OFFER Sokany 6IN1 Turbo,0,6499,
40 Litres Electric Rotisserie Oven,0,10200,40 Litres
40 ltrs oven Nunix Electric,0,10029,40 ltrs
Von VARS23DHS Single Door Fridge,0,45000,
ROCH DIGITAL MICROWAVENonstick Coating Plates,0,9720,
Nunix 20L Electric Rotisserie Oven,0,6200,20L
ROCH DIGITAL MICROWAVEDont waste a,0,9720,
Promotion Nunix 60l electric oven,0,14500,60l
20 Liters Nunix digital control,0,13375,20 Liters
20 Litres Nunix digital control,0,13373,20 Litres
20 Litres Nunix digital control,0,13087,20 Litres
RESTOCKED Nunix 20L Electric Rotisserie,0,6599,20L
promotion Nunix 40L Electric Rotisserie,0,10299,40L
Tlac 42ltrs Electric Oven with,0,14499,42ltrs
VON VAMS20MGXMEC MANUAL MICRO WAVE,0,13000,
Nunix 40L Electric Rotisserie Ovens,0,10233,40L
Nunix 20 Ltrs Electric Oven,0,6666,20 Ltrs
Nunix 40L Electric Rotisserie Ovens,0,15130,40L
Von VARS23DHS Single Door Fridge,0,45000,
Generic Adjustable Multipurpose Microwave Stand,0,1599,
Adjustable Microwave Organizer StandQuite Elegant,0,5500,
Multilayer adjustable microwave multipurpose stand,0,4307,
Multilayer microwave multipurpose stand With,0,5299,
CLEARANCE OFFER Sayona SGC50E31GO Electric,1,22999,
CLEARANCE OFFER Mika FREE STANDING,0,37999,
CLEARANCE OFFER ICECOOL Volsmart 4,0,24399,
CLEARANCE OFFER Eurochef Euro Chef,0,24999,
CLEARANCE OFFER Volsmart Full Gas,0,20999,
CLEARANCE OFFER Volsmart 31 JET,0,24999,
CLEARANCE OFFER Eurochef Free Standing,0,25999,
Volsmart full gas standing cooker,0,19999,
Volsmart 31 standing cooker with,0,23999,
CLEARANCE OFFER Mika Standing Cooker,0,42999,
CLEARANCE OFFER Volsmart 3gas 1,0,24999,
CLEARANCE OFFER Nunix STANDING GAS,0,24999,
CLEARANCE OFFER Nunix 60x60 3,0,29999,
CLEARANCE OFFER Eurochef EGT554GE Euro,0,23999,
CLEARANCE OFFER Eurochef Full gas,0,19499,
CLEARANCE OFFER Volsmart 3gas 1,0,24999,
CLEARANCE OFFER BJS Quality Standing,0,38999,
CLEARANCE OFFER Euroken EURO6531E Electric,0,24999,
CLEARANCE OFFER 31 EuroChef Standing,0,25499,
CLEARANCE OFFER Eurochef full gas,0,23399,
CLEARANCE OFFER Eurochef EGT554GE Euro,0,23999,
CLEARANCE OFFER VOLSMART Full Gas,0,22999,
CLEARANCE OFFER Nunix Free standing,0,28999,
CLEARANCE OFFER Euroken New Arrival,0,24999,
CLEARANCE OFFER Volsmart Full Gas,0,22999,
CLEARANCE OFFER VON 31 5858,0,44999,
CLEARANCE OFFER Nunix Free Standing,0,20999,
CLEARANCE OFFER Full Gas Volsmart,0,19999,
CLEARANCE OFFER Roch free standing,0,36999,
CLEARANCE OFFER VOLSMART Full Gas,0,19999,
CLEARANCE OFFER Nunix Full gas,0,20999,
CLEARANCE OFFER Eurochef 31 Free,0,25999,
CLEARANCE OFFER Eurochef Full gas,0,19499,
CLEARANCE OFFER Eurochef EGT553G1EE 5550,0,25999,
CLEARANCE OFFER Nunix 60x60 31,0,25999,
