,Name,Price(kshs),Reviews,Doors,Capacity(ltrs),Brand
0,Volsmart 138L Fridge Freezer VL-BCD138 Energy Saving Double Doors Refrigerator,25299,155,2,138.0,Volsmart
1,Hisense 94 Liters fridge single door Energy Saving REFO94DR Refrigerator,19299,486,1,94.0,Hisense
2,New Volsmart 138L Fridge Freezer VL-BCD138 Energy Saving Double Doors Refrigerator 138L fridge double door Direct Cool fridge Refrigerator fridges and freezers fridge138ltrs,25555,28,2,138.0,Volsmart
3,Volsmart 108L Double Doors VL-BCD108 Fridge Freezer Energy Saving Refrigerator with Lock and Keys,20299,94,2,108.0,Volsmart
4,ROCH Single Door Mini Refrigerator 90Ltrs Fridge,19349,105,1,90.0,Roch
5,Volsmart 118L Fridge Freezer VL-BCD118 Energy Saving Double Doors Refrigerator,23199,33,2,118.0,Volsmart
6,Nunix 138L BCD-138 fridge double door Direct Cool fridge Refrigerator fridges and freezers,28899,104,2,138.0,Nunix
7,SmartPro SFR-120S-I Mini Fridge 90L Refrigerator Single Door 90Litres High Quality Fridge,17799,8,1,90.0,Smartpro
8,ECOMAX 90L Single Door Refrigerator Home Improvement Energy Saving Fridge with Lock and Keys BCD-90,16999,32,1,90.0,Ecomax
9,Hisense 176 Liters fridge single Door fridges and freezers Refrigerator,35699,17,1,176.0,Hisense
10,ECOMAX 98L Double Doors Refrigerator Home Improvement Energy Saving Fridge with Lock and Keys BCD-98,19299,17,2,98.0,Ecomax
11,ECOMAX 138L Double Doors Fridge and Freezer BCD-138 Energy Saving Household Applicances Refrigerator,26999,11,2,138.0,Ecomax
12,ECOMAX 118L Double Doors Fridge Freezer Refrigerator with Lock and Keys BCD-118,24499,3,2,118.0,Ecomax
13,Hisense 2 Doors Fridge 120 Litres Refrigerator REF120DR Refrigerator Fridge Double Door fridges and freezers,32299,56,2,120.0,Hisense
14,Ramtons RF257- 2 Door Direct Cool Fridge - 213 Litres double-door refrigerator Refrigerators,43999,25,2,213.0,Ramtons
15,New Volsmart 108L Double Doors VL-BCD108 Fridge Freezer Energy Saving Refrigerator with Lock and Keys 108L fridge double door Direct Cool fridge Refrigerator fridges and freezers,20999,11,2,108.0,Volsmart
16,Ramtons RF175 - 2 Door Direct Cool Fridge Direct Cool Refrigerators - 128 Liters,31999,11,2,128.0,Ramtons
17,Nunix 210L BCD-210 fridge double door Direct Cool fridge Refrigerator fridges and freezers,37999,3,2,210.0,Nunix
18,"Ramtons RF173 fridge, 2 Door Direct Cool Fridge, 128 Liters",31999,32,2,128.0,Ramtons
19,Roch Refrigerator RFR 175DT-I Fridge 138Ltrs High Capacity Fridges  Freezers,32049,11,Unknown,138.0,Roch
20,freezer fridge Volsmart 60L Vertical Chest Freezer VL-BD60 Single Flip Drain Freezer Energy-saving Freezer Fast Cooling Refrigeration,17899,0,1,60.0,Volsmart
21,"RAMTONS 138 LITERS 2 DOOR DIRECT COOL 3 STAR FRIDGE, SILVER- RF339",36990,1,2,138.0,Ramtons
22,Hisense Fridge 154 Litres REF154DR 2 YEARS WARRANTY,40899,0,2,154.0,Hisense
23,special offRamtons - RF214 1 Door Fridge Energy Saving - 90 Litres - White Similar products from Ramtons Transparent shelves 90 liters Refrigerators Home Improvement,18999,0,1,90.0,Ramtons
24,"MIKA Fridge, 168L, 2 Door Top Mount Freezer, Defrost Direct Cool, Dark Silver",36000,0,2,168.0,Mika
25,Ramtons -Single Door 180LT Fridge-Silver,42999,0,1,180.0,Ramtons
26,Roch RFR-150-DT-I 118L Double Door Refrigerator Top Mount Defrost 188litres Fridge,28749,31,2,118.0,Roch
27,134 L FRIDGE VON Double Door Fridge 134L - Silver 1YR WRTY,34999,0,2,134.0,Von
28,Haier 190L Single Door Fridge - Silver - HRD-1954CSS,36696,5,1,190.0,Haier
29,REFRIGERATOR. Nunix 210 liters large capacity Double door fridge with handles. Maintains cold during power cuts,44550,0,2,210.0,Nunix
30,"Exzel Fridge, 530L, 2 Door Side By Side, No Frost Frost Free, INVERTER Compressor, Inox. 2 Year Warranty",118956,0,2,530.0,Exzel
31,"MIKA Fridge, 138L, 2 Door Top Mount Freezer, Defrost Direct Cool, Dark Silver, with Cool Pack",35500,0,2,138.0,Mika
32,Volsmart VL-BCD108 Mini Double Door Direct Cool Fridge- 108 Litres,22999,4,2,108.0,Volsmart
33,Nunix 138L Double Door Fridge Energy Efficient BCD-138,29194,0,2,138.0,Nunix
34,Mika 92L Mini Fridge Single Door-MRDCS92DS -SILVER.,19999,0,1,92.0,Mika
35,DiscountedRamtons RF174 - 128 Liters 2 Door Direct Cool Fridge - 128 Liters Refrigerators Fridge Freezer Energy Saving Double Doors Home Improvement HOT,32999,75,2,128.0,Ramtons
36,Vitron 125L Double Doors Refrigerator VDR128DS Enerygy Saving Fridge and Freezer with 2L Bottle Rack,27799,72,2,125.0,Vitron
37,Volsmart 118L Fridge Freezer VL-BCD118 Energy Saving Double Doors Refrigerator 118L fridge double door Direct Cool fridge Refrigerator fridges and freezers,24299,1,2,118.0,Volsmart
38,SmartPro SFR-175-DT-I Fridge 138L High Capacity Fridge  Freezer 138 Litres Refrigerator,31399,2,Unknown,138.0,Smartpro
39,"Ramtons 90 LITRES DOUBLE DOOR DIRECT COOL FRIDGE, SILVER- RF222 Refrigerator Fridges  Freezers Household Appliances",26999,34,2,90.0,Ramtons
40,Bruhm Silver 90L Fridge BFS 90MD Single Door Chest Freezer Defrost Refrigerator Recessed HandleBFS 90MD Silver,19899,144,1,90.0,Bruhm
41,HOTVolsmart 118L Fridge Freezer VL-BCD118 Energy Saving Double Doors Refrigerator 118L fridge double door Direct Cool fridge Refrigerator fridges and freezers,24299,0,2,118.0,Volsmart
42,"Mika MRDCS92DS,92L - Single Door Mini Fridge",19999,0,1,92.0,Mika
43,SmartPro SFR-150-DT-I Double Door Refrigerator Top Mount Defrost Fridge RFR-150-DT-I,28449,0,2,,Smartpro
44,Ramtons -93 Litres Single Door Fridge,24999,3,1,93.0,Ramtons
45,"Mika Fridge- Single Door, Direct Cool, 92L1 YEAR WARRANTY",19999,0,1,92.0,Mika
46,Premier 128L double door fridge PM-128L Silver XL home fridge two doors refrigerator with 1 year warranty electronics and appliances home improvements refrigerators,30199,1,2,128.0,Premier
47,Ramtons RF215 - 1 Door Fridge 90 Litres Refrigerator Fridges  Freezers Household Appliances,25599,21,1,90.0,Ramtons
48,"GLD Double Door Mini-Fridge, 86 LITRES",21899,1,2,86.0,GLD
49,"GLD Double Door Mini-Fridge, 86L1 YEAR WARRANTY",21900,0,2,86.0,GLD
50,Bruhm BFS 150MD - Single Door Frost Free Refrigerator 158L - Metallic Grey fridge,31299,38,1,158.0,Bruhm
51,"Samsung RT26HAR2DSA - Double Door Fridge, 203 Litres -Metal Graphite 1 YEAR WARRANTY",86799,0,2,203.0,Samsung
52,Ramtons RF130- 213L 2 Door Direct Cool Fridge Dispenser 1YR WRTY,48700,0,2,213.0,Ramtons
53,Premier Show Case Chiller 288L Quality Showcase Fridge,54800,0,Unknown,288.0,Premier
54,VOLSMART VL-BCD108 Mini Double 108LITRES Door Direct Cool Fridge1 YEAR WARRANTY,22999,0,2,108.0,Volsmart
55,Mika 92L Mini Fridge Single Door1 YEAR WARRANTY,19999,0,1,92.0,Mika
56,VOLSMART VL-BCD108 Mini Double Door Direct Cool Fridge1 YEAR WARRANTY,22999,0,2,,Volsmart
57,"MIKA Fridge, 247L, 2 Door Top Mount Freezer, No Frost Frost Free, Inox Line Brush",59899,0,2,247.0,Mika
58,Nunix 138L BCD-138 fridge double door Direct Cool fridge Refrigerator fridges and freezers,31500,0,2,138.0,Nunix
59,Hisense Fridge 120Litres Two Door REF120DR2YEARS WARRANTY,39999,0,2,120.0,Hisense
60,Haier 333L Double Door No-Frost Fridge Refrigerator,97200,0,2,333.0,Haier
61,"Portable Small Refrigerator Mini Portable Fridge Refrigerator is different from ordinary household refrigerators, it is not a mechanical compression",3990,0,Unknown,,Unknown
62,Ailyons Mini Double Door Direct Cool Fridge- 115 Litres,26000,0,2,115.0,Ailyons
63,"MIKA, MRDCS150LSD, 150L, Single Door, Defrost Direct Cool Fridge",42995,0,1,150.0,Mika
64,Nunix 92L Single Door Fridge Energy Efficient,22950,0,1,92.0,Nunix
65,"Mika Fridge, Double Door- 138 Litres",40000,0,2,138.0,Mika
66,"MIKA, MRDCD86DS, 86L, Double Door Top Mount Freezer, Defrost Direct Cool Fridge",26999,0,2,86.0,Mika
67,Mika MRDCS92DS 92 LITRES -Single Door Mini Fridge,19999,0,1,92.0,Mika
68,Hisense REF091DR 91 Litres Double Door Mini-Fridge,25999,0,2,91.0,Hisense
69,Hisense REF094DR 94 liters Fridge,21499,0,Unknown,94.0,Hisense
70,Nunix 138L BCD-138 fridge double door Direct Cool fridge Refrigerator fridges and freezers,29999,0,2,138.0,Nunix
71,Ramtons RF177- 2 Door Direct Cool Fridge Refrigerators Direct Cool technology CFC free - 128 Litres,37999,6,2,128.0,Ramtons
72,Nunix 210L BCD-210 fridge double door Direct Cool fridge Refrigerator fridges and freezers,48000,0,2,210.0,Nunix
73,Von Tropicalised compressor VARM-11DHS Mini Fridge Freezer 90L - Silver 90L Single Door Lock and key Recessed handle,26199,5,1,90.0,Von
74,Hisense 154L fridge double door fridges and Freezers Refrigerator with LED Light Fridge REF154DR,40999,3,2,154.0,Hisense
75,Nunix 92L Single Door Fridge Energy Efficient BC-92 1YR WRTY,35000,0,1,92.0,Nunix
76,Nunix 138L BCD-138 fridge double door Direct Cool fridge Refrigerator fridges and freezers,40000,0,2,138.0,Nunix
77,Hisense Fridge REF205DR 205 Liters Double Doors Refrigerator fridges and freezers,45599,4,2,205.0,Hisense
78,Ramtons RF244 -2 Door Direct Cool Fridge- 213 Litres - Mar Silver 1 YEAR WARRANTY,44899,0,2,213.0,Ramtons
79,Hisense Fridge 628 Liters Side By Side With Water Dispenser and Ice Maker REF628DR fridges and freezers double door,205999,0,2,628.0,Hisense
80,Hisense REF094DR - 94L Single Door Fridge-SILVER2 YEARS WARRANTY,24790,0,1,94.0,Hisense
81,"Ramtons RF173, 2 Door Direct Cool Fridge, CFC Free 128 Litres - Silver1 YEAR WARRANTY",42899,0,2,128.0,Ramtons
82,"Ramtons RF173, 2 Door Direct Cool Fridge, 128 Litres - Silver1 YEAR WARRANTY",45890,0,2,128.0,Ramtons
83,"MIKA MRDCD168DS 168L, 2 Door Top Mount Freezer, Defrost Direct Cool Fridge, Dark Silver",36999,0,2,168.0,Mika
84,"MIKA Fridge, 168L, 2 Door Top Mount Freezer, Defrost Direct Cool, Dark Silver",36999,0,2,168.0,Mika
85,Hisense 94L Single Door Fridge  REF094DR2 YEARS WARRANTY,24999,0,1,94.0,Hisense
86,Hisense REF094DR - 94 Litres Fridge - Silver 2YRS WARRANTY,24999,0,Unknown,94.0,Hisense
87,Hisense 94L Mini- Fridge - Silver 2YRS WARRANTY,24999,0,Unknown,94.0,Hisense
88,"VON VRT-181DRAX Double Door Fridge 181 Liters with Large freezer compartment, Toughened glass shelves, Ice tray  egg tray provided - Inox",39460,0,2,181.0,Von
90,Ramtons RF244 -2 Door Direct Cool Fridge- 213 Litres - Mar Silver.,47999,1,2,213.0,Ramtons
91,"Hisense REF094DR - 94L Single Door Fridge,SILVER2 YEARS WARRANTY",21899,0,1,94.0,Hisense
92,"MIKA Fridge, 138L, 2 Door Top Mount Freezer, Defrost Direct Cool, Dark Silver, with Cool Pack",35700,0,2,138.0,Mika
93,Hisense REF094DR - 94L Single Door Fridge,24999,0,1,94.0,Hisense
94,"Share this product Official Store deal Ramtons RF173, 2 Door Direct Cool Fridge, 128 Litres - Silver 1YR WRTY",37300,0,2,128.0,Ramtons
95,"MIKA Fridge, 197L, 2 Door Top Mount Freezer, No Frost Frost Free, Inox Line Brush",66500,0,2,197.0,Mika
98,"Mika Fridge, 202L, 2 Door Top Mount Freezer, No Frost Frost Free, Dark Silver",59999,0,2,202.0,Mika
99,"MIKA Fridge, 247L, 2 Door Top Mount Freezer, No Frost Frost Free, Inox Line Brush",75900,0,2,247.0,Mika
100,"Hisense 94L Single Door Fridge,SILVER2 YEARS WARRANTY",21999,0,1,94.0,Hisense
101,VON VART-19DHS Double Door Fridge 136L - Silver,39500,0,2,136.0,Von
102,"Mika Fridge, 202L, 2 Door Top Mount Freezer, No Frost Frost Free, Dark Silver",62000,0,2,202.0,Mika
103,"MIKA Fridge, 247L, 2 Door Top Mount Freezer, No Frost Frost Free, Inox Line Brush",69999,0,2,247.0,Mika
104,"FRESH FINDS. REFRIGERATOR. Ramtons 213 litres double double refrigerator with handle, Direct Cool technology, Double door fridge, 130W rating, Brushed steel finish",49950,0,2,213.0,Ramtons
105,"Portable Small Refrigerator Mini Portable Fridge Refrigerator is different from ordinary household refrigerators, it is not a mechanical compression",4600,0,Unknown,,Unknown
106,Ramtons RF249-213L 2Door Direct Cool Blue Fridge,47999,0,Unknown,213.0,Ramtons
107,"MIKA Fridge, 168L, 2 Door Top Mount Freezer, Defrost Direct Cool, Dark Silver",37000,0,2,168.0,Mika
108,Premier 128 Litres Double Door Fridge - Silver 1 YR WRTY,29500,0,2,128.0,Premier
109,"MIKA Fridge, 247L, 2 Door Top Mount Freezer, No Frost Frost Free, Inox Line Brush",56500,0,2,247.0,Mika
110,"MIKA Fridge, 168L, 2 Door Top Mount Freezer, Defrost Direct Cool, Dark Silver",36995,0,2,168.0,Mika
111,"Ramtons, 2 Door Direct Cool Fridge, 128 Litres - Silver 1YR WRTY",37000,0,2,128.0,Ramtons
112,"MIKA Fridge, 168L, 2 Door Top Mount Freezer, Defrost Direct Cool, Dark Silver",38999,0,2,168.0,Mika
113,"Ramtons, 2 Door Direct Cool Fridge, 128 Litres - Silver 1YR WRTY",38000,0,2,128.0,Ramtons
114,Hisense REF094DR - 94L Single Door Fridge2 YEARS WARRANTY,24899,0,1,94.0,Hisense
115,"Experience convenience and efficiency with the 181 litres No Frost Von Fridge TMF VRT - 182NRAK ,dark inbox refrigerator",58888,0,Unknown,181.0,Von
116,VOLSMART 138 liters fridge double door,34999,0,2,138.0,Volsmart
117,BCD-138 138 Litres Double Door Nunix Fridge Energy Efficient,32000,0,2,138.0,Nunix
118,Mika 138 liters large capacity Double door fridge Top mount freezer Defrost,36995,0,2,138.0,Mika
119,Volsmart 108L Double Door Fridge With A Larger Freezer Capacity,24599,0,2,108.0,Volsmart
120,"Mika Fridge, 138L, 2 Door Top Mount Freezer, Defrost Direct Cool, Dark Silver",40000,0,2,138.0,Mika
121,"Mika Fridge, 138L, 2 Door Top Mount Freezer, Defrost Direct Cool, Dark Silver",39999,0,2,138.0,Mika
122,"AILYONS Double Door RefrigeratorFridge Top Mounted Freezer, 168L",35000,0,2,168.0,Ailyons
124,"REFRIGERATOR. Mika 202L No Frost Double Door Top Mount Freezer Fridge. Twist Ice tray provided. Toughened Glass Shelves  For Durability, Energy Saving, Large vegetable box",53000,0,2,202.0,Mika
125,Haier 190L Single Glass Door Fridge - Silver - HRD-1954PMG,56795,0,1,190.0,Haier
126,Premier 128 Litres Double Door Fridge - Silver 1 YR WRTY,28700,0,2,128.0,Premier
127,"RAMTONS-RF317-243 LITRES DOUBLE DOOR NO FROST FRIDGE, SILVER",71999,0,2,243.0,Ramtons
128,Ramtons RF319- 430 LITERS SIDE BY SIDE LED NO FROST FRIDGE,104900,0,Unknown,430.0,Ramtons
129,Nunix 210 LITRES Double Door Fridge With Handles - Cool Pack Maintains Cold During Power Cuts,44550,0,2,210.0,Nunix
130,"Fridge, Double Door , 170L - Silver, SFR-210-DT-I 1YR WRTY",39999,0,2,170.0,Unknown
131,"Exzel Fridge, 430L, 2 Door Side By Side, No Frost Frost Free, INVERTER Compressor, Black Inox 2 Year Warranty",94995,0,2,430.0,Exzel
132,"VON VRT-181DRAX Double Door Fridge 181 Liters with Large freezer compartment, Toughened glass shelves, Ice tray  egg tray provided - Inox",42000,0,2,181.0,Von
133,"Mika Fridge, 202L, 2 Door Top Mount Freezer, No Frost Frost Free, Dark Silver",52999,0,2,202.0,Mika
134,"Smart Pro Fridge, Double Door , 255L - Silver,SFR-325-DT-I 1YR WRTY",70999,0,2,255.0,Smartpro
135,"Smart Pro Fridge, Double Door , 348L - Silver,SFR-435-DT-I 1YR WRTY",84999,0,2,348.0,Smartpro
136,Volsmart 108L Double Door Fridge With A Larger Freezer Capacity - The fridge comes with an extra larger freezer capacity that helps you store more froozen foods. The sleek design and well articulated,26055,0,2,108.0,Volsmart
137,Hisense 176 Liters fridge single door with Water Dispenser fridges and freezers Refrigerator,39999,0,1,176.0,Hisense
138,Mika MRDCS92DS 92 LITRES -Single Door Mini Fridge,22000,0,1,92.0,Mika
139,Nunix 210L BCD-210 fridge double door Direct Cool fridge Refrigerator fridges and freezers,45900,0,2,210.0,Nunix
141,"Haier HRF-355BS 333L Double Door No-Frost Fridge - Fresh Box, Automatic Defrost, Door Alarm, Anti-Bacteria System .",97200,0,2,333.0,Haier
142,"Mika 138L, MRDCD138DS Double Door Fridge",38400,0,2,138.0,Mika
143,Ramtons 517 LITERS DOUBLE DOOR LED NO FROST FRIDGE- RF332,119999,0,2,517.0,Ramtons
144,91 L FRIDGE Hisense Fridge91 Liters Double Door REF091DR,25999,0,2,91.0,Hisense
145,Von Hotpoint 134L Double Door Fridge,35000,0,2,134.0,Von
146,AFFORDABLE SHOPPING Roch RFR-120S-I Single Door Refrigerator - 90 Litres - Silver Roch fridge has a 90-liter storage capacity and impressive cooling performance to extend the freshness of your per,25200,0,1,90.0,Roch
147,VOLSMART 108L Double Door Fridge With A Larger Freezer Capacity,24399,0,2,108.0,Volsmart
148,NUNIX ModelBC-92 Direct Cool Fridge  92L,21000,0,Unknown,92.0,Nunix
149,"MIKA, MRDCD138DS, 138L, Double Door Top Mount Freezer, Defrost Direct Cool Fridge",37999,0,2,138.0,Mika
150,"VON VRT-181DRAX Double Door Fridge 181 Liters with Large freezer compartment, Toughened glass shelves, Ice tray  egg tray provided - Inox",39995,0,2,181.0,Von
151,Ramtons RF310-463L No-Frost 2 Door Fridge,125999,0,2,463.0,Ramtons
152,BCD-138 138 Litres Double Door Fridge Energy Efficient,30000,0,2,138.0,Unknown
153,Haier 333L Double Door No-Frost Fridge HRF-355BS,97200,0,2,333.0,Haier
154,"Mika MRDCS92DS,92L - Single Door Mini Fridge",24500,0,1,92.0,Mika
155,Volsmart 108L Double Door Fridge With A Larger Freezer Capacity,24000,0,2,108.0,Volsmart
156,"RAMTONS RF217 213 LITERS DOUBLE DOOR DIRECT COOL REFRIGERATOR - Direct Cool technology, Double door fridge, 130W rating, Brushed steel finish ,",49950,0,2,213.0,Ramtons
157,"RAMTONS RF217 213 LITERS 2 DOOR DIRECT COOL FRIDGE, SILVER",46999,0,2,213.0,Ramtons
158,"MIKA 168 L Fridge, 168L, 2 Door Top Mount Freezer, Defrost Direct Cool, Dark Silver",36800,0,2,168.0,Mika
159,RAMTONS 527 LITERS SIDE BY SIDE DOOR LED NO FROST FRIDGE- RF265,149000,0,Unknown,527.0,Ramtons
161,Mika Single Door Mini Fridge - 92 Litres,22000,0,1,92.0,Mika
162,"Exzel Fridge 138l Direct Cool ERD-165SL Direct cool, Large Freezer, CFC Free, Dark Silver 2 Year Warranty",31995,0,2,138.0,Exzel
163,VOLSMART 108L Double Door Fridge With A Larger Freezer Capacity,24400,0,2,108.0,Volsmart
164,Ramtons RF130- 213L 2 Door Direct Cool Fridge Dispenser,51300,0,2,213.0,Ramtons
165,Hisense REF091DR 91 Litres Double Door Mini-Fridge,24999,0,2,91.0,Hisense
166,"MIKA, 92L, Single Door, Defrost Direct Cool Fridge",19995,0,1,92.0,Mika
167,Ramtons RF244 -2 Door Direct Cool Fridge- 213 Litres - Mar Silver .,44999,0,2,213.0,Ramtons
168,Hisense Fridge 454 Liters Non frost Four Door With Water Dispenser REF454DR,149999,0,4,454.0,Hisense
169,Ramtons RF130- 213L 2 Door Direct Cool Fridge  Dispenser,51300,0,2,213.0,Ramtons
170,VON 138Litres Double door Fridge,38000,0,2,138.0,Von
171,"MIKA, MRDCD211XLB MRDCD105XLB, 211L, 2 Door Top Mount Freezer, Defrost Direct Cool Fridge",49995,0,2,211.0,Mika
172,Hisense 91L Beverage Chiller Showcase Fridge,34999,0,Unknown,91.0,Hisense
173,"MIKA, MRDCD168DS MRDCD95LSL, 168L, Double Door Top Mount Freezer, Defrost Direct Cool Fridge",42999,0,2,95.0,Mika
174,"Ramtons RF173, 2 Door Direct Cool Fridge, 128 Litres",37800,0,2,128.0,Ramtons
175,"Ramtons RF173, 2 Door Direct Cool Fridge, 128 Litres - Silver",37800,0,2,128.0,Ramtons
176,LG Freezer Fridge 287L smart inverter with 1 year warranty double door fridge Top Multi Air Flow Humidity Controller Moist Balance non frost silver huge capacity energy saving fridge,96699,0,1,287.0,LG
177,"LG GC-X257CQES Side by Side Fridge, 635 L - InstaView, UVnano Dispenser, HygieneFresh",389990,0,Unknown,635.0,LG
178,"Ramtons RF243- 213 Lts 2 Door Direct Cool Fridge, Champagne",46999,1,2,213.0,Ramtons
179,"LG GC-FB507PQAM Side by Side Fridge, 519 L - Multi Air Flow, Touch LED Display, Tempered Glass Shelve",153990,0,Unknown,519.0,LG
180,VOLSMART 118L Fridge Freezer Energy Saving Double Doors Refrigerator VL-BCD118,29430,0,2,118.0,Volsmart
181,Ecomax 138L Double Door Fridge With Handles,32400,0,2,138.0,Ecomax
182,"RAMTONS 213 LITERS 2 DOOR DIRECT COOL FRIDGE  DISPENSER, SILVER- RF130",49699,0,2,213.0,Ramtons
183,Hisense 92L Single Door Direct Cooling Fridge RS-12DR4SA2 YEARS WARRANTY,25999,2,1,92.0,Hisense
184,Hisense REF120DR 120L Double Door Fridge,36999,0,2,120.0,Hisense
185,"Mika Fridge- Single Door, Direct Cool, 92LITRES1YEAR WARRANTY",19999,0,1,92.0,Mika
186,Syinix 138 Litres Double Door Fridge SXN138L-DFRSyinix 138 Litres Double Door Fridge SXN138L-DFR,40600,0,2,138.0,Syinix
187,"MIKA Fridge, 92L, Direct Cool, Single Door1 YEAR WARRANTY",19999,0,1,92.0,Mika
188,Haier 357L Double Door No-Frost Fridge HRF-385BS,95695,0,2,357.0,Haier
189,Mika 211 Litres Double Door Fridge,48000,0,2,211.0,Mika
190,Hisense REF120DR 120L Double Door Fridge,35999,0,2,120.0,Hisense
191,Von Direct cool Thick thermal insulation VART-22DHS Double Door Fridge 134L Tropicalised compressor Interior lighting,44690,3,2,134.0,Von
192,VON VRT-181DRAX Double Door Fridge 181 Liters refrigerator,42500,0,2,181.0,Von
193,Hisense Fridge 176 Liters With Dispenser REF176DR Single Door2 YEARS WARRANTY,39999,1,1,176.0,Hisense
194,GLD 86L Double Door Fridge1 YEAR WARRANTY,21999,0,2,86.0,GLD
195,NEW ARRIVAL  SOLSTAR RF616HSBSSLBSS 442L Side By Side Fridge,101995,0,Unknown,442.0,Solstar
196,Nunix 138L Double Door Fridge,31499,1,2,138.0,Nunix
197,Premier 90L Refrigerator High Quality Single Door Fridge With 1 Year Warranty Silver Electronics And Appliances Home Improvement Refrigerators Energy saving,19999,0,1,90.0,Premier
198,LG Multi Air Flow Multi Air Flow GN-B202SQBB fridge 187L top Freezer Refrigerator Smart Inverter Compressor Multi Air Flow Moist Balance Crisper,86999,0,Unknown,187.0,LG
199,Hisense 203 L NoFrost Double Doors Fridge REF203DR R600A Gas Recessed Handle,53999,0,2,203.0,Hisense
200,"MIKA Fridge, 247L, 2 Door Top Mount Freezer, No Frost Frost Free, Inox Line Brush",69799,0,2,247.0,Mika
201,Hisense 94 Litres Single Door Fridge,27649,0,1,94.0,Hisense
202,LG LinearCooling fridge GV-B212PLGB 217L Top Freezer Refrigerator Smart Inverter Compressor Multi Air Flow Multi Air Flow even and faster cooling performance. with Digital sensors,87999,0,Unknown,217.0,LG
203,"RAMTONS 204 LITERS 2 DOOR DIRECT COOL FRIDGE, SILVER - RF340",48200,0,2,204.0,Ramtons
204,Mika MRDCS92DS Single Door Mini Fridge2YEARS WARRANTY,19999,0,1,,Mika
205,Ramtons RF223-93 Litres Single Door Fridge- Silver refrigerators. 93 Liters Single Door CFC Free Direct Cool Wire Tray shelf Can holder,25461,0,1,93.0,Ramtons
206,Mika 92L Mini Fridge Single Door,20999,0,1,92.0,Mika
207,"AILYONS 168 L FRIDGE Double Door RefrigeratorFridge Top Mounted Freezer, 168L",35000,0,2,168.0,Ailyons
208,Nunix 138L Double Door Fridge Energy Efficient1 YEAR WARRANTY,31999,0,2,138.0,Nunix
209,Volsmart 108L Double Door Fridge With A Larger Freezer Capacity,24500,0,2,108.0,Volsmart
210,Ramtons RF239-196 Litres Double Door No Frost Fridge-Silver,64999,0,2,196.0,Ramtons
211,"Exzel 211L Direct Cool Fridge ERD251SL Direct Cool, Double Door, Large Freezer, Glass Dark Silver Trays, 2 Year Warranty.",39995,0,2,211.0,Exzel
212,Roch RFR-190S-I Single Door Fridge - 150 Litresr,35999,1,1,150.0,Roch
213,"Ramtons 378 LITRES DOUBLE DOOR NO FROST FRIDGE, SILVER- RF331",99999,0,2,378.0,Ramtons
214,Ramtons RF216 - 2 Door Direct Cool Fridge - 213 Litres,43999,0,2,213.0,Ramtons
215,Premier One Door Bar Fridge 50L Refrigerator,17990,0,1,50.0,Premier
216,AFFORDABLE SHOPPING Roch RFR-120S-I Single Door Refrigerator - 90 Litres - Silver Roch fridge has a 90-liter storage capacity and impressive cooling performance to extend the freshness,21500,0,1,90.0,Roch
217,NUNIX 138L BCD-138 Fridge Double Door Direct Cool Fridge Refrigerator Fridges Silver 138L,30299,0,2,138.0,Nunix
218,Beko Single Door Fridge  198Ltrs BAS598X,39999,0,1,198.0,Beko
219,RAMTONS 430 LITERS SIDE BY SIDE LED NO FROST FRIDGE- RF319,118490,0,Unknown,430.0,Ramtons
220,LG Inverter linear compressor Fridge GC-J257SQRS 635L Side by Side Refrigerator Inverter Linear Compressor DoorCooling UV Nano Dispenser,359119,0,Unknown,635.0,LG
221,Ramtons Fridges CF232 190 Liters Chest Freezer Refrigerators Home Improvement White,48199,0,Unknown,190.0,Ramtons
222,"VON VART-18DMY, Double Door Fridge, 138L - Silver2 YEARS WARRANTY",38999,0,2,138.0,Von
223,"BLACK  VON VART-18DMY, Double Door Fridge, 138L - Silver",39999,0,2,138.0,Von
224,LG fridge Semi Auto Defrost Smart Inverter Compressor GN-Y331SLBB EverCool feature retains cool air one Door Refrigerator with Larger Capacity Moist Balance Crisper,67699,0,1,,LG
225,"Mika 138L, MRDCD138DS Double Door Fridge2 YEARS WARRANTY",37999,0,2,138.0,Mika
226,Hisense Fridge -REF091DR 91 Liters Double Door5 YEARS WARRANTY,25999,0,2,91.0,Hisense
227,SOLSTAR RF276HTDSLBSS 198L double door fridge with 1 year warranty silver two door fridge energy saving fridge electronics and appliances home improvement refrigerators,62899,0,2,198.0,Solstar
228,Haier 211L Frost Free Double Door Fridge HRF-239FAKE,66000,0,2,211.0,Haier
229,"RAMTONS-RF329 188 LITRES DOUBLE DOOR NO FROST FRIDGE, SILVER",62999,0,2,188.0,Ramtons
230,"Ramtons Drag image to spin 170 LITRES SINGLE DOOR DIRECT COOL FRIDGE, TITAN SILVER- RF219",40999,0,1,170.0,Ramtons
231,Hisense Fridge 176 Liters With Dispenser REF176DR Single Door,39999,0,1,176.0,Hisense
232,"RAMTONS 243 LITRES DOUBLE DOOR NO FROST FRIDGE, SILVER- RF317",72990,0,2,243.0,Ramtons
233,Hisense 92L Single Door Direct Cooling Fridge RS-12DR4SA-SILVER,25999,0,1,92.0,Hisense
234,"Mika Fridge, 522L, 4 Door Bottom Mount Freezer, No FrostFrost Free, INVERTER Compressor, Inox Dark Matt",193000,0,4,522.0,Mika
235,ROCH 90L SINGLE DOOR FRIDGE-RFR-120-S-I,20990,0,1,90.0,Roch
236,ROCH RFR-150DT-I Top-Mounted Defrost Fridge - 118L - Inox,30989,0,Unknown,118.0,Roch
237,"RAMTONS-RF257 213 LITERS 2 DOOR DIRECT COOL FRIDGE, TITAN SILVER",48099,0,2,213.0,Ramtons
238,"RAMTONS 243 LITRES DOUBLE DOOR NO FROST FRIDGE, SILVER- RF317",72499,0,2,243.0,Ramtons
239,Haier HRD-210MP - 185L Single Door FRIDGE,45995,0,1,185.0,Haier
240,VON VRT-138DRHX Double Door FRIDGE 136L,41850,0,2,136.0,Von
241,Ramtons 2 Door Direct Cool Fridge- 213 Litres2 YEARS WARRANTY,49999,0,2,213.0,Ramtons
242,"Hisense 92L Single Door Direct Cooling Fridge,2 YEARS WARRANTY",24999,0,1,92.0,Hisense
243,Ramtons RF319- 430 LITERS SIDE BY SIDE LED NO FROST FRIDGE,130500,0,Unknown,430.0,Ramtons
245,Vitron 125L Double Doors Refrigerator Enerygy Saving Fridge and Freezer with 2L Bottle Rack VDR128DS Silver,34500,0,2,125.0,Vitron
246,VON VART-19DHS Double Door Fridge 136L,39999,0,2,136.0,Von
247,Royal 181L Double Door Fridge- RF-195D,34999,0,2,181.0,Royal
248,"MIKA Fridge, 211L, 2 Door Top Mount Freezer, Defrost Direct Cool, Inox Dark Matt-MRDCD211XDM",52000,0,2,211.0,Mika
249,Premier 50L ONE DOOR FRIDGE 50L Refrigerator Bar Fridge,22950,0,1,50.0,Premier
250,Hisense Fridge 176 Liters With Dispenser REF176DR Single Door,56900,0,1,176.0,Hisense
251,TOP DEAL Hisense Fridge 120Liters DOUBLE Door 2 YEARS WARRANTY,37999,0,2,120.0,Hisense
252,Hisense Fridge 120Liters Two Door REF120DR,34499,0,2,120.0,Hisense
253,"RAMTONS 378 LITRES DOUBLE DOOR NO FROST FRIDGE, SILVER- RF331",104999,0,2,378.0,Ramtons
254,Ramtons - Single Door Fridge- 90 Litres - Silver.,24999,0,1,90.0,Ramtons
255,Beko BAS598X UK KE 198L Single Door Fridge - Inox,59995,0,1,198.0,Beko
256,Ramtons Single Door Mini Fridge - 90 Litres,22999,0,1,90.0,Ramtons
257,Roch Double Door Refrigerator Top Mount Defrost Fridge RFR-150-DT-I Gray 118L,35500,0,2,118.0,Roch
258,"RAMTONS RF246 90 LITERS SINGLE DOOR DIRECT COOL FRIDGE, BLUE",25899,0,1,90.0,Ramtons
259,Haier -HRD-2204CSS 215L Single Door Fridge,52895,1,1,215.0,Haier
260,"RAMTONS 170 LITRES SINGLE DOOR DIRECT COOL FRIDGE,SILVER",44799,0,1,170.0,Ramtons
261,Hisense Fridge 120Liters Two Door REF120DR,44500,0,2,120.0,Hisense
262,Hisense REF176DR 176 Liters Single Door Fridge with Dispenser,42999,0,1,176.0,Hisense
263,Ecomax 90L Fridge,19999,0,Unknown,90.0,Ecomax
264,LG GL-C252SLBB multi air flow inverter compressor Double Door Fridge,73095,0,2,,LG
265,"Ramtons RF173, 2 Door Direct Cool Fridge, 128 Litres",37999,0,2,128.0,Ramtons
266,Mika MRDCS92XLB 92L Single door fridge,22300,0,1,92.0,Mika
267,Mika Single Door Mini Fridge - 92 Litres,19999,1,1,92.0,Mika
268,VON VART-26NMS Single Door Fridge 200L - Silver,70000,0,1,200.0,Von
269,Nunix Nunix 92L Single Door Fridge Energy Efficient BC-92,22500,0,1,92.0,Nunix
270,"Mika 211l double door refrigerator MIKA Fridge, 211L, 2 Door Top Mount Freezer, Defrost Direct Cool, Inox Dark Matt-MRDCD211XDM",54000,0,2,211.0,Mika
271,Premier 50L PERFECT QUALITY FRIDGE,21700,0,Unknown,50.0,Premier
272,"RAMTONS 190 LITRES SINGLE DOOR DIRECT COOL FRIDGE, SILVER- RF140",43990,0,1,190.0,Ramtons
273,Bruhm 190 Ltr Double Door Direct Cool Fridge Refrigerator BFD-183MD,41199,0,2,190.0,Bruhm
274,"hisense 94lsingle door fridge Slim and Cool The slim design of the Hisense Single-Door Refrigerator makes it ideal for a small kitchen, apartment, or other room with floor space.",26325,0,1,94.0,Hisense
275,Ramtons RF223-93 Litres Single Door Fridge- Silver,27000,0,1,93.0,Ramtons
276,"RAMTONS 128 LITERS 2 DOOR DIRECT COOL FRIDGE, WHITE- RF174",37800,0,2,128.0,Ramtons
277,RAMTONS RF222 90L DIRECT COOL FRIDGE,28000,0,Unknown,90.0,Ramtons
278,Nunix fridge Nunix 92litres single door fridge,23999,0,1,92.0,Nunix
279,"Ramtons RF246, Single Door Fridge, 90L -silver",25600,0,1,90.0,Ramtons
280,"VON Von,VARS-23DHS Single Door Fridge 185LDirect cool refrigerators use less electricity since it uses natural convection to circulate cool air throughout the fridge. The freezer compartment is usuall",43200,0,1,185.0,Von
281,Ramtons RF214- 1 Door Fridge - 90 Litres - White,24990,0,1,90.0,Ramtons
282,Vitron 125L Double Doors Refrigerator Enerygy Saving Fridge and Freezer with 2L Bottle Rack VDR128DS,34499,0,2,125.0,Vitron
283,PRICE DROP Nunix 138L Large Capacity Double Door Fridge -Silver,29950,0,2,138.0,Nunix
284,Roch Double Door Mini-Fridge -85L,23999,0,2,85.0,Roch
285,LG GN-B202SQBB 187L No-Frost Fridge,71000,0,Unknown,187.0,LG
286,Nunix 92L Single Door Fridge,21999,0,1,92.0,Nunix
287,Von VART-18DMK 138L Double Door Fridge,40000,0,2,138.0,Von
288,Nunix 138litres fridge,36000,0,Unknown,138.0,Nunix
289,90L SINGLE DOOR DIRECT COOL FRIDGE,22999,0,1,90.0,Unknown
290,Ramtons RF238-173L 2Door Direct Cool Fridge,44999,0,Unknown,173.0,Ramtons
291,TODAY Hisense RS-12DR4SA Single Door Direct Cool Fridge - 94L - Silver,25999,0,1,94.0,Hisense
292,TODAY Hisense RS-12DR4SA Single Door Direct Cool Fridge - 94L2 YEARS WARRANTY,25999,0,1,94.0,Hisense
293,BCD-138 138 Litres Double Door Nunix Fridge Energy Efficient,35000,0,2,138.0,Nunix
295,BC-92 90 Litres Single Door Nunix Fridge Energy Efficient,23000,0,1,90.0,Nunix
296,Premier QUALITY PM-90L Fridge Single Door As The Picture 90L,21999,0,1,90.0,Premier
297,Mika 92L Mini Fridge Single Door Refrigerator1YEAR WARRANTY,19999,0,1,92.0,Mika
298,"Drag image to spin 128 LITERS 2 DOOR DIRECT COOL FRIDGE, MAR SILVER- RF171",36999,0,2,128.0,Unknown
299,SmartPro Showcase Fridge 209L Model SVS-275,56700,0,Unknown,209.0,Smartpro
300,Hisense REF094DR - 94 Liters Fridge - Silver,24999,0,Unknown,94.0,Hisense
301,"Mika Fridge, 255L, 2 Door Top Mount Freezer, No Frost Frost Free, Line Silver Dark - MRNF255LSD",75500,0,2,255.0,Mika
302,"Exzel Fridge 515L No Frost ERFF-515SL, Inverter Compressor with 10 Year Warranty, Double Door, Cool pack power cut resistant, Energy saving with Inverter, 2 Year Warranty.",101978,0,2,515.0,Exzel
303,Volsmart VL-BCD138 Double Door Direct Cool Fridge- 138 Litres,28999,0,2,138.0,Volsmart
304,Volsmart 108L Double Door Fridge With A Larger Freezer Capacity,26325,0,2,108.0,Volsmart
305,Volsmart 118L Fridge Freezer VL-BCD138 Energy Saving Double Doors Refrigerator,32029,0,2,118.0,Volsmart
306,Nunix 210L Double Door Fridge Energy Efficient BCD-210l,39999,0,2,210.0,Nunix
307,"Exzel Fridge 348L No Frost ERFF352DS, Energy saving, Twist ice tray, Double Door, Egg  Ice tray provided, 2 years on Fridge, 5 years on compressor",79341,0,2,348.0,Exzel
308,Hisense RS-12DR4SA 92L Single Door Direct Cooling Fridge -SILVER,25999,0,1,92.0,Hisense
309,Hisense Fridge 94 Liters REF094DR2 YEARS WARRANTY,23999,0,Unknown,94.0,Hisense
310,"EXZEL 275 LITRES SHOWCASE FRIDGE EC-275DF, Ultra Durable Compressor, 4 Sturdy Shelves, Wheels for easy movement, 2 Year Warranty.",62929,0,4,275.0,Exzel
311,"Exzel 345 Litres Showcase Fridge EC-345DF, Ultra Durable Compressor, 4 Sturdy Shelves, Wheels for easy movement, Two Year Warranty.",72568,0,4,345.0,Exzel
312,"Ramtons 2 Door Direct Cool Fridge, 128 Litres-RF173 - Silver",38900,0,2,128.0,Ramtons
313,"Ramtons 2 Door Direct Cool Fridge,CFC FREE,128 Litres-RF173 - Silver",38900,0,2,128.0,Ramtons
314,"Ramtons 2 Door Direct Cool Fridge, 128 Litres - Silver",38900,0,2,128.0,Ramtons
315,"Ramtons 2 Door Direct Cool Fridge, 128 Litres 2 YEARS WARRANTY",38900,0,2,128.0,Ramtons
316,"Ramtons - RF173 2 Door Direct Cool Fridge,CFC FREE,128 Litres- Silver",38900,0,2,128.0,Ramtons
317,Hisense Fridge 176 Liters With Dispenser REF176DR Single Door2 YEARS WARRANTY,39999,0,1,176.0,Hisense
319,"RAMTONS 93 LITERS SINGLE DOOR DIRECT COOL FRIDGE, SILVER- RF223",24990,0,1,93.0,Ramtons
320,Hisense REF094DR - 94 Liters Fridge - Silver2 YEARS WARRANTY,24999,0,Unknown,94.0,Hisense
321,Hisense REF094DR - 94 Liters Fridge,24999,0,Unknown,94.0,Hisense
322,Syinix 137L Double Door Fridge Energy Efficient FD180BF02K,39150,0,2,137.0,Syinix
323,Premier 90 Litres Single Door Mini-Fridge,19899,0,1,90.0,Premier
324,Roch Double Door Fridge - 85L,39000,0,2,85.0,Roch
325,"Roch Double Door Fridge, 126L",55000,0,2,126.0,Roch
326,"Roch Double Door Fridge, 126L",54000,0,2,126.0,Roch
327,Roch Double Door Fridge - 85L,40000,0,2,85.0,Roch
328,Mika MRDCS50XDM 92L Direct Cool Fridge,19999,0,Unknown,92.0,Mika
329,Hisense 92L Single Door Direct Cooling Fridge RS-12DR4SA2 YEARS WARRANTY,25999,0,1,92.0,Hisense
330,Ramtons RF268 - 2 Door Direct Cool Fridge - 207L - Silver,49999,0,2,207.0,Ramtons
331,Ramtons RF309-No-Frost Fridge 314Lts 2 Door,91999,0,2,314.0,Ramtons
332,"MIKA MRDCD168DS Fridge, 168L, 2 Door Top Mount Freezer, Defrost",46500,0,2,168.0,Mika
334,"ICECOOL 118L Large Capacity Double door Fridge Refrigerator  FREE GIFT FRIDGE GUARD.Low noise, low energy consumption Door lock  keys Capacity Net litre Fridge 73L Capacity Net litre Freezer",34499,0,2,118.0,ICECOOL
335,Premier 128 Litres Double Door Fridge,29999,0,2,128.0,Premier
336,Hisense Fridge 91 Liters Double Door,25999,0,2,91.0,Hisense
337,Hisense Fridge 91 Liters Double Door5 YEARS WARRANTY,25999,0,2,91.0,Hisense
338,DEAL Hisense Fridge 91 Liters Double Door,24999,0,2,91.0,Hisense
339,DEAL Hisense 91L Double Door Fridge REF091DR,24999,0,2,91.0,Hisense
340,"Mika Fridge, 595L, 2 Door Side By Side, No Frost Frost Free, INVERTER Compressor, Inox Line Brush",184000,0,2,595.0,Mika
341,"LG GL-C252SLBB Top Mount Freezer Fridge, 234 L - Smart Inverter Compressor, Multi Air Flow, Movable Ice Tray",86000,0,Unknown,234.0,LG
342,"Mika Single Door Fridge 93Litres Mikas MoistFresh Zone is a smartly designed drawer that provides an optimal environment for storing perishable food, so it stays fresher longer. A tight seal prevents",25650,0,1,93.0,Mika
343,DEAL Hisense Fridge 120Liters Two Door REF120DR,37999,0,2,120.0,Hisense
344,VON VART-19DHS Double Door Fridge 136L - Silver12 MONTHS WARRANTY,49999,0,2,136.0,Von
345,Nunix 92L Single Door Fridge Energy Efficient BC-92,22900,0,1,92.0,Nunix
346,Vitron 90 Litres Single Door Mini-Fridge,20999,0,1,90.0,Vitron
347,LG Fridge Inverter linear compressor GC-B257JLYL LinearCooling 649L Side by Side Refrigerator Smart Inverter Compressor Multi Air Flow Smart Diagnosis,248999,0,Unknown,649.0,LG
348,Hisense Fridge 154 Liters REF154DR,44999,0,Unknown,154.0,Hisense
349,Hisense Fridge 154 Liters REF154DR2 YEARS WARRANTY,44999,0,Unknown,154.0,Hisense
350,Nunix 138L Large Capacity Double Door Fridge -Silver,33499,0,2,138.0,Nunix
351,Nunix 138L Large Capacity Double Door Fridge -BCD-138,33499,0,2,138.0,Nunix
352,LG fridge Large Capacity LINEARCooling GC-B369NLJM Refrigerator advanced Cooling Moist Balance Crisper Smart Diagnosis,112379,0,Unknown,,LG
353,"Roch RFR-110D-B Double Door Fridge, 85L - Silver ideal for family rooms or bedrooms.Equipped with a reversible door system that lets you use the refrigeration in any direction you want",26850,0,2,85.0,Roch
354,Syinix 138L Double Door Fridge,34999,0,2,138.0,Syinix
355,"HISENSE Fridge 92L, Direct Cool, Single Door2 YEARS WARRANTY",23999,0,1,92.0,Hisense
356,"HISENSE Fridge, 92L, Direct Cool, Single Door-RS-12DR4SA",23999,0,1,92.0,Hisense
357,"Nunix 138L Double Door Fridge Energy Efficient BCD-138. Toughened Glass Shelves  For Durability,",34425,0,2,138.0,Nunix
358,"VON VART-18DMY, Double Door Fridge, 138L - Silver",39999,0,2,138.0,Von
360,VON Refrigerator-138 Litres With Top Freezer Fridge..Double Door fridge 138 Litres Direct cooling 4 Star Freezer Rating high cooling efficiency Fruits and vegetable box Elegant recessed handle Toug,46499,0,2,138.0,Von
361,"VON VARS-23DHS, 185L Single Door Fridge",39999,0,1,185.0,Von
362,Nunix 138L Double Door Fridge Energy Efficient BCD-138,31999,0,2,138.0,Nunix
363,Ramtons -90L 1 Door Fridge- Gold,23999,0,1,90.0,Ramtons
364,"Vitron VDR90SS, 90 Liters Single Door Fridge - Silver",23625,0,1,90.0,Vitron
365,RESTOCKED Efficient Cooling for Your Kitchen Nunix BC-92 92L Single Door Fridge,22199,0,1,92.0,Nunix
366,Roch 90ltrs Single Door Fridge,25000,0,1,90.0,Roch
367,"Roch RFR-160DT-B Double Door Fridge, 126L - Silver 1YR WRTY",33999,0,2,126.0,Roch
368,Nunix 92L Single Door Fridge Energy Efficient BC-92,20499,0,1,92.0,Nunix
369,Ramtons RF223-93 Litres Single Door Fridge,31235,0,1,93.0,Ramtons
370,"RAMTONS 90 LITRES DOUBLE DOOR DIRECT COOL FRIDGE, SILVER- RF222",25990,0,2,90.0,Ramtons
371,Royal - RF-230D Double Door Fridge - 206L,42275,0,2,206.0,Royal
373,RAMTONS 517 LITERS DOUBLE DOOR LED NO FROST FRIDGE- RF332,122499,0,2,517.0,Ramtons
374,RAMTONS 170L SINGLE DOOR DIRECT COOL FRIDGE2 YEARS WARRANTY,44799,0,1,170.0,Ramtons
375,TOP DEAL Hisense Fridge 120Liters Two Door REF120DR2 YEARS WARRANTY,37999,0,2,120.0,Hisense
376,Hisense Fridge 120Liters Two Door REF120DR,48300,0,2,120.0,Hisense
377,"VON ,VARS-23DHS Single Door Fridge 185L - Silver",42525,0,1,185.0,Von
379,"RAMTONS 204 LITERS 2 DOOR DIRECT COOL 3 STAR FRIDGE, SILVER - RF340",45990,0,2,204.0,Ramtons
380,NEW ARRIVALSSOLSTAR RF586HTDINBSS 415L Double Door Fridge,93495,0,2,415.0,Solstar
381,NUNIX 138L BCD-138 Fridge Double Door Direct Cool Fridge Refrigerator Fridges,34999,0,2,138.0,Nunix
382,SOLSTAR RF466HTDINBSS 334L Double Door Fridge,76595,0,2,334.0,Solstar
383,"MIKA MRDCS92DS 92L, Single Door, Defrost Direct Cool Fridge - Dark Silver",30000,0,1,92.0,Mika
384,Hisense REF094DR - 94L Single Door Fridge,32900,0,1,94.0,Hisense
385,Nunix 138L Double Door Fridge Energy Efficient BCD-138,30499,0,2,138.0,Nunix
386,Premier 128L PERFECT QUALITY FRIDGE,39200,0,Unknown,128.0,Premier
388,Mika 202L No Frost 2 Door Fridge- MRNF202LSD,67950,0,2,202.0,Mika
389,SOLSTAR RF346HTDSLBSS 248L Double Door Fridge,61995,0,2,248.0,Solstar
390,New 92 litres Nunix Energy saver Fridge now available,29000,0,Unknown,92.0,Nunix
391,"Roch RFR-110D-B Double Door Fridge, 85L - SilverMechanical Control Interior Comes equipped with big crisper drawer to make your life easier when selecting fresh ingredients. Silent operation, making i",25256,0,2,85.0,Roch
392,Ramtons Single Door Fridge 85 Litres 2stars,25000,0,1,85.0,Ramtons
393,"Portable mini fridge 7.5 ltrs Made of premium ABS material, which is durable and non-toxic. Designed for refrigerating or keeping food warm. 7.5L perfect size for a few of your favorite beverages.",5328,0,Unknown,7.5,Unknown
394,premier Double Door Fridge 128L - Silver,32999,0,2,128.0,Premier
395,"Volsmart 118L Fridge Freezer Energy Saving Double Doors Refrigerator VL-BCD118 Double-door and dual-temperature design, various foods can be stored separately. 6. Anti-fall fruit and vegetable bas",32700,0,2,118.0,Volsmart
396,Ramtons - 2 Door Direct Cool Fridge - 213 Litres Preserve food using this Ramtons fridge. This fridge is ideal for all your storage needs plus its energy efficient and CFC free.,54999,0,2,213.0,Ramtons
397,Premier 128L FRIDGES TWO DOORS,45200,0,2,128.0,Premier
398,Haier 333L Double Door No-Frost Fridge HRF-355BS,92995,0,2,333.0,Haier
399,Premier Two Doors 128L Fridge Refrigerator,34990,0,2,128.0,Premier
400,Syinix 137L Double Door Fridge Energy Efficient FD180BF02K,34999,0,2,137.0,Syinix
401,Syinix 210L Double Door Fridge Energy Efficient FD275BF02K,44999,0,2,210.0,Syinix
402,Mika 211 Litres Double Door Fridge,56025,0,2,211.0,Mika
403,NUNIX 138L BCD-138 Fridge Double Door Direct Cool Fridge Refrigerator Fridges Silver 138L,33999,0,2,138.0,Nunix
404,RESTOCKED Quality Nunix 92litres Single Door Fridge Refrigerators,24999,0,1,92.0,Nunix
405,Premier 90L SINGLE DOOR FRIDGE Single Door Refrigerator,45200,0,1,90.0,Premier
406,Premier 90L PERFECT QUALITY FRIDGE,26600,0,Unknown,90.0,Premier
407,RESTOCKED Quality Mika 92litres Single Door Fridge Refrigerators,26899,0,1,92.0,Mika
408,RAMTONS RF239 196 LITRES DOUBLE DOOR NO FROST FRIDGE - SILVER,65000,0,2,196.0,Ramtons
409,Haier 215L Single Door Fridge HRD-2204CSS,50900,0,1,215.0,Haier
410,Von fridges 136 Litres Fridge,35999,0,Unknown,136.0,Von
411,Premier Two Doors 180L Fridge Refrigerator Keep Your Food And Drinks Fresh And Cold,40990,0,2,180.0,Premier
412,Premier Two Doors 350L Fridge Refrigerator Energy Efficient And Stylish,69000,0,2,350.0,Premier
413,94 LITRES TEXTEND AND APPROVED FRIDGE,34800,0,Unknown,94.0,Unknown
414,Premier 90L SINGLE DOOR FRIDGE Single Door Refrigerator,28900,0,1,90.0,Premier
415,180L FRIDGES TWO DOORS,54800,0,2,180.0,Unknown
416,90L SINGLE DOOR FRIDGE SINGLE DOOR REFRIGERATOR,29800,0,1,90.0,Unknown
417,128L FRIDGES TWO DOORS,44200,0,2,128.0,Unknown
418,"118 LITRES DIRECT COOL,DOUBLE DOOR AND SILVER BRUSH FRIDGE",49300,0,2,118.0,Unknown
419,"120 LITRES LEGIT FRIDGE TESTED, TRIED AND APPROVED",56100,0,Unknown,120.0,Unknown
420,94 LITRES TEXTEND AND APPROVED FRIDGE,34850,0,Unknown,94.0,Unknown
421,320 LITRES DOUBLE DOOR FRIDGE NO FROST,126500,0,2,320.0,Unknown
423,Mika MRDCD211XLB 211L Fridge,54995,0,Unknown,211.0,Mika
424,Von VART-25NHS Double Door Fridge 220L,65010,0,2,220.0,Von
425,Ramtons RF215 90L Single Door Fridge,25900,0,1,90.0,Ramtons
426,Beko Single Door Fridge - 198 Litres,39999,0,1,198.0,Beko
427,"RAMTONS 204 LITERS 2 DOOR DIRECT COOL FRIDGE, SILVER - RF340",48900,0,2,204.0,Ramtons
428,Original Low energy consumption Rebune Fridge,51498,0,Unknown,,Rebune
429,Haier 185L Single Door FRIDGE HRD-210MP,47000,0,1,185.0,Haier
430,Haier 190L Single Door Fridge HRD-1954CSS,41800,0,1,190.0,Haier
431,"Double door fridge Preserve all your foodstuffs using this efficient refrigerator. This spacious double door fridge is ideal for kitchens, a mini bar or office. It is energy",35100,0,2,,Unknown
432,Nunix 138L DOUBLE Door Fridge,29500,0,2,138.0,Nunix
433,"Roch RFR-110D-B Double Door Fridge, 85L This Roch Double Door Fridge is a_sleek and stylish exterior gets you that practical functionality in a pleasing design an ideal fit for your modern kitchen. T",25650,0,2,85.0,Roch
434,"RAMTONS 128 LITERS 2 DOOR DIRECT COOL FRIDGE, WHITE- RF174",37900,0,2,128.0,Ramtons
435,Ramtons RF175 - 2 Door Direct Cool Fridge - 128 Litres - Blue,39000,0,2,128.0,Ramtons
436,"Mika Fridge, 592L, 4 Door Bottom Mount Freezer, No Frost Frost Free, INVERTER Compressor, Black Glass",193999,0,4,592.0,Mika
437,"Beko Fridge ,Double Door,Inox,197 Lt Gross Volume BAD526 KE",68900,0,2,197.0,Beko
438,Hisense Fridge 91 Liters Double Door2 YEARS WARRANTY,26599,0,2,91.0,Hisense
439,Von VART-36NHS Double Door Fridge 251L - Silver,75000,0,2,251.0,Von
440,138 ltrs fridge nunnix 2 door Cool Pack - Maintains cold during power cuts Glass shelves Large freezer section Twist Ice tray providedEgg TrayLarge vegetable boxLock  KeyCFC FreeDefrost Function,35000,0,2,138.0,Nunix
441,Ramtons RF319- 430 L Ramtons RF319 430 LITERS SIDE BY SIDE LED NO FROST FRIDGE is a great choice for those who want a spacious and energy-efficient refrigerator.,121500,0,Unknown,430.0,Ramtons
442,Haier Single Door FRIDGE HRD-210MP 185L,55700,0,1,185.0,Haier
443,Haier 270L No Frost Double Door Fridge - HRF-298FAKE,92400,0,2,270.0,Haier
444,Haier Single Door FRIDGE HRD-210MP 185L,54800,0,1,185.0,Haier
445,"Quality Mika Refrigerator, 92L,Single Door Fridge",26499,0,1,92.0,Mika
446,"Roch RFR-150DT-I Top-Mounted Defrost Fridge - 118L - Inox e. affordable, quality, energy-efficient home appliances. The brand is well known for their Gra",37000,0,Unknown,118.0,Roch
447,Mika MRDCS92DS 93L Direct Cool Fridge,21990,0,Unknown,93.0,Mika
448,Roch RFR-110D-B Double Door Refrigerator - 85 Litres Double Door Fridge is a sleek and stylish exterior gets you that practical functionality in a pleasing design an ideal fit for your modern kitchen.,25650,0,2,85.0,Roch
449,"Roch RFR-580-DT-I No Frost Double Door Fridge, 168 litres electronic appliances has temperature control via a thermostat Glass is stronger than the standard one.Suitable forstoring fruits vegetables",108000,0,2,168.0,Roch
450,"Beko Fridge, Single door Static Cooling 183 L BAS598X",48899,0,1,183.0,Beko
451,"Vitron VDR128DS, 125 Liters Double Door Fridge - Silver Hairline",32500,0,2,125.0,Vitron
452,premier 90 lts single fridge,19999,0,1,90.0,Premier
453,Nunix 90L Single Door Fridge Energy Efficient BC-92,20499,0,1,90.0,Nunix
454,"Roch RFR-160DT-B Double Door Fridge, 126L Mechanical Control Comes equipped with big crisper drawer to make your life easier when selecting fresh ingredients. Silent operation, making it ideal for fam",37125,0,2,126.0,Roch
455,roch rfr 190s i single door refrigerator 150l silver The Roch fridge has a high storage capacity and impressive cooling performance to extend the freshness of your perishable goods. The single door co,39150,0,1,150.0,Roch
456,"single door fridgeSingle Door Fridge Refrigerator is also energy efficient, so you can save money on your energy bills. Compact and stylish design",24300,0,1,,Unknown
457,Royal - RF-195D Double Door Fridge - 181L,49995,0,2,181.0,Royal
458,Haier FRIDGE HRD-1954CSS 190L,47999,0,Unknown,190.0,Haier
459,Hisense 91L Double Door Fridge REF091DR,24996,0,2,91.0,Hisense
460,Volsmart 118L Fridge Freezer Energy Saving Double Doors Refrigerator VL-BCD118,25999,0,2,118.0,Volsmart
461,Hisense 94 Liters Energy Saving Fridge REFO94DR Refrigerator Silver 94L,25999,0,Unknown,94.0,Hisense
462,Von 138 litres double door refrigerator This fridge is a spacious and convenient way to store your food.,40500,0,2,138.0,Von
463,"RAMTONS 128 LITERS 2 DOOR DIRECT COOL FRIDGE, MAR SILVER- RF171",38800,0,2,128.0,Ramtons
464,Roch RFR-120S-I Single Door Fridge - 90 Litres,21799,0,1,90.0,Roch
465,Von VART-18DMS Double Door Fridge 138L,38999,0,2,138.0,Von
466,Premier PM-50L Mini-Fridge- 50L,18000,0,Unknown,50.0,Premier
467,Original Low energy consumption Rebune Fridge 213L,53042,0,Unknown,213.0,Rebune
468,Original Low energy consumption Rebune Fridge,49999,0,Unknown,,Rebune
469,Original Low energy consumption Rebune Fridge 213L,51498,0,Unknown,213.0,Rebune
470,Haier HRF-239FAKE No Frost 211L Fridge,72500,0,Unknown,211.0,Haier
471,MIKA 90 LITRES SINGLE DOOR FRIDGE.,29999,0,1,90.0,Mika
472,Von VART-19DHY Double Door Fridge 136L - Silver And 10M JSB 6way Extension Gift,39000,0,2,136.0,Von
473,"Von VART-26NMS Double Door Fridge, 202L - Silver",70000,0,2,202.0,Von
474,150 litres Roch 190 si single door refrigeratorSingle Door Fridge is a_sleek and stylish exterior gets you that practical functionality in a pleasing design an ideal fit for your modern kitchen.,39150,0,1,150.0,Roch
475,Royal Double Door 138L RF-150D Fridge,42995,0,2,138.0,Royal
476,Von VART-19DHY Double Door Fridge 136L - Silver And 10M JSB 6way Extension Gift,38000,0,2,136.0,Von
478,Royal 93L Single Door Fridge RF-95D,25595,0,1,93.0,Royal
479,Nunix 90L Single Door Fridge Energy Efficient BC-92 Silver S,26999,0,1,90.0,Nunix
480,Mika fridge Mika 90 litres single door fridge,29950,0,1,90.0,Mika
481,Royal 206L Double Door Fridge,58895,0,2,206.0,Royal
482,Mika MRDCS92XLB 92L Single door fridge,23000,0,1,92.0,Mika
483,Von 138 litres double door refrigerator This fridge is a spacious and convenient way to store your food,42525,0,2,138.0,Von
484,Ramtons RF217- 2 Door Direct Cool Fridge - 213 Liters This fridge is a spacious and convenient way to store your food,51300,0,2,213.0,Ramtons
486,VON Vart-37NMS 255L FRIDGE,76500,0,Unknown,255.0,Von
487,LG GN-B202SQBB 187L No-Frost Fridge,67000,0,Unknown,187.0,LG
488,VON Refrigerator- 138 Litres Double Door Fridge,46400,0,2,138.0,Von
489,Royal Double Door 125L Fridge - RF-130D,39895,0,2,125.0,Royal
490,Original Low energy consumption Rebune Fridge 213L,51500,0,Unknown,213.0,Rebune
491,Original Low energy consumption Rebune Fridge,51500,0,Unknown,,Rebune
493,"Mika Fridge, 46L, Single Door, Defrost Direct Cool, Dark Silver",20400,0,1,46.0,Mika
494,Von VART-18DMK 138L Double Door Fridge,39400,0,2,138.0,Von
495,Exzel Fridge NO FROST 200L ERFF272SL,61100,0,Unknown,200.0,Exzel
496,Nunix Fridge 92Litres Single Door,24999,0,1,92.0,Nunix
497,Mika 168Litres Double Door Fridge,52000,0,2,168.0,Mika
498,Von Fridge 168Litres,51999,0,Unknown,168.0,Von
499,121 ltrs hisense fridge,39999,0,Unknown,121.0,Hisense
500,Exzel fridge 168l Direct Cool ERD-175SL,44850,0,Unknown,168.0,Exzel
501,80 80 fridge base with wheels,2567,0,Unknown,,Unknown
502,VON VART-18DMK FRIDGE 138L,39000,0,Unknown,138.0,Von
503,"Mika Fridge, 46L, Single Door, Defrost Direct Cool, Dark Silver",20500,0,1,46.0,Mika
504,"Legacy Fridge French Door 588L,Silver ,Turkey Brand",150000,0,Unknown,588.0,Legacy
505,Von VART-22DYS Double Door Fridge 208L - Silver,45490,0,2,208.0,Von
506,"VON Von,VARS-23DHS Single Door Fridge 185L - Silver",44950,0,1,185.0,Von
507,Mika 92L Single Door Fridge,19999,0,1,92.0,Mika
508,"VON VRT-138DRHX Double Door FRIDGE 136L,INOX, 1YR WRTYFREE FRIDGE GUARD",34999,0,2,136.0,Von
509,"7.5 Portable Small Refrigerator Mini Portable car Fridge cooler - Made of premium ABS material, which is durable and non-toxic, Designed for refrigerating or keeping food warm, 7.5L.",3750,0,Unknown,7.5,Unknown
510,7.5L Portable Mini Car Fridge Cooler Warmer REFRIGERATION AND HEATING AND HEAT PRESERVATION,6286,1,Unknown,7.5,Unknown
511,13 amps FK Electric Fridge Guard-Voltage Stabilizer Plus Extension,1090,2,Unknown,,FK
512,Hisense Fridge 94 Liters REF094DR FREE FRIDGE GUARD,22499,4,Unknown,94.0,Hisense
513,Adjustable Fridge Stand Washing machine Cooker Stand with lockable wheels - Heavy Duty,3598,0,Unknown,,Unknown
514,Fk Electric Fridge Guard-Voltage Stabilizer Plus Extension,1050,2,Unknown,,FK
515,Volsmart 138L Double Door Refrigerator  Free Fridge Guard,28000,0,2,138.0,Volsmart
516,"Mika Fridge- Single Door, Direct Cool, 92LFREE FRIDGE GUARD",19999,0,1,92.0,Mika
517,7.5L Portable Car Refrigerator Electric Cooler and Warmer Car Refrigerator Portable Mini Fridge,3999,0,Unknown,7.5,Unknown
518,7.5 L Mini Car Fridge for Car  12V  Dual Mode Temperature Control  Fast Cooling  No Noise  Portable Fridge For Travel,4190,0,Unknown,7.5,Unknown
519,VON VART-19DHS Double Door Fridge 136L - Silver 1YEAR WARRANTYFREE FRIDGE GUARD,35999,0,2,136.0,Von
520,VON HOTPOINT Double Door Fridge 136L - Silver 1YEAR WARRANTYFREE FRIDGE GUARD,35999,0,2,136.0,Von
521,Share this product Ecomax 118l double door energy saver double door refrigerator with free fridge guard,28990,0,2,118.0,Ecomax
522,VON 138L Double Door Refrigerator Top Mounted Freezer Energy Saving Rating Direct Cool Deodorizer - INOXFREE FRIDGE GUARD,36999,0,2,138.0,Von
523,"Car Refrigerator, 7.5L Portable Freezer Low Noise Mini Electric Compressor Cooler Warmer with Thickened Inner Liner Car Fridge for Camping, Outdoor, Vehiclel, Travel, Home, Party",7300,0,Unknown,7.5,Unknown
524,VON VART-18DMS Double Door Fridge - 138L - Stainless SteelFREE FRIDGE GUARD,37599,0,2,138.0,Von
525,Share this product Mika 168 L FRIDGE DOUBLE DOOR WITH A COOL PAD WITH FREE GIFTSFRIDGE STAND FRIDGE GUARDJBS FREE EXTENSION 10 M,39000,0,2,168.0,Mika
526,"Mika Fridge, 138L Defrost with a Coolpack  Smell Burster, Dark Silver  FREE FRIDGE GUARD",35000,0,Unknown,138.0,Mika
527,Portable Mini Car Fridge Cooler Warmer 7.5L,5499,0,Unknown,7.5,Unknown
528,VON VART-22DHS Double Door Fridge 134L - Silver with Gift fridge guard and extension,39500,0,2,134.0,Von
529,"JUST IN. REFRIGERATOR. Ramtons RF173, 2 Door Direct Cool Fridge, 128 Litres - Silver,Low Noise, Direct Cool technology, Adjustable thermostat, Adjustable glass shelves",39150,0,2,128.0,Ramtons
530,"POPULAR ITEMS. FRIDGE  DISPENSER. Ramtons RF130- 213L 2 Door Direct Cool Fridge Dispenser,Water dispenser, Double Door, CFC Free, Direct Cool, Glass shelf, Low noise, Adjustable thermostat",51300,0,2,213.0,Ramtons
531,"PRICE Car Refrigerator, 7.5L Portable Freezer Low Noise Mini Electric Compressor Cooler Warmer with Thickened Inner Liner Car Fridge for Camping, Outdoor, Vehiclel, Travel, Home, Party",7300,0,Unknown,7.5,Unknown
532,VOLSMART Fridge Double Door 108 Litres plus free fridge guard,24500,0,2,108.0,Volsmart
533,Mika 138L Double Door Refrigerator Top Mounted Freezer 2 Star Energy Rating Direct Cool Deodorizer-Smell Buster -Inox with gifted fridge guard,38599,0,2,138.0,Mika
534,7.5L Car Mini Portable Fridge 12v Warmer  Refrigerator,4499,0,Unknown,7.5,Unknown
535,Portable Mini Car Fridge Cooler Warmer 7.5L,4499,0,Unknown,7.5,Unknown
537,1 Mika fridge of 202L No frost  FREE 1 JSB Extension  1 FREE Fridge Guard,60000,0,1,202.0,Mika
538,Mika 202Ltr No Frost Double Door Refrigerator Top Mounted Freezer Frost Free 3D Cooling Deodorizer-Smell Buster Dark Matt Energy Saving 2Yr WarrantyFridge Guard10M 6 Way JSB Extension,59999,0,2,202.0,Mika
539,"7.5litre Portable car fridge, Made of premium ABS material, which is durable and non-toxic, Convenient strap Carrying is a breeze, easy to take while traveling.",3776,0,Unknown,7.5,Unknown
540,"7.5litre Portable car fridge, Cooler And Warmer ,Compact and lightweight design Great for dorm rooms, offices, cars, picnics, BBQ, camping, boating and more. Made of premium ABS material,",3776,0,Unknown,7.5,Unknown
541,VOLSMART 138liters Double Door Fridge With A Free Gift Of Frigde Guard,28500,0,2,138.0,Volsmart
542,"Volsmart 108 litres double door with Freezer, Ft. Apartment Size Refrigerator with Freezer, Dorm Fridges with Freezer Adjustable Thermostat, Small Refrigerator for Apartment, Office, Kitchen, Dorm",26668,0,2,108.0,Volsmart
543,Mika 202Ltr No Frost Double Door Refrigerator Top Mounted Freezer Frost Free 3D Cooling Deodorizer-Smell Buster Dark Matt Energy Saving 2Yr WarrantyFridge Guard10M 6 Way JSB Extension,65000,0,2,202.0,Mika
544,"KILIMALL ,Mika 92 Liters Single Door Fridge,Single Mini Refrigerator-Freezer Compartment-Adjustable Thermostat Control-Reversible Doors-Ideal for Dorm, Office",21240,0,1,92.0,Mika
545,"Nunix BC-92 92L Single Door Fridge Energy Efficient - Compact and stylish design, Capacity of 92 liters, Adjustable thermostat, Energy efficient, Single door, Manual defrost, Stainless steel finish",24650,0,1,92.0,Nunix
546,MK FRIDGE Guard  Free 4 Way Power King Extension,2000,0,4,,Unknown
547,Nunix 200L Double Door Fridge Energy Efficient Fridge WITH FREE GIFTS EXTENSION FRIDGE GUARD,42599,0,2,200.0,Nunix
548,Mini Refrigerator Portable Fridge 12V Auto Mini Car Travel Fridge ABS Multi-Function Home Cooler Freezer Warmer Cooling and Warming Refrigerator 7.5L,5689,0,Unknown,7.5,Unknown
549,"Ramtons RF173, 2 Door Direct Cool Fridge, 128 Litres  FREE FRIDGE GUARD",34499,0,2,128.0,Ramtons
550,"7.5L Portable Mini Car Fridge Cooler Warmer REFRIGERATION AND HEATING AND HEAT PRESERVATION The car refrigerator is universal in all seasons, with two levels of cold and heat, heating and heat pres",6579,0,2,7.5,Unknown
551,PRICE DROP Portable Mini Car Fridge Cooler Warmer 7.5L,6480,0,Unknown,7.5,Unknown
552,Roch RFR-120S-I Single Door Refrigerator - 90 Litres  FREE FRIDGE GUARD,21999,0,1,90.0,Roch
553,"MK Electronics Fridge Guard,, Surge Protector,,,super Quality",917,1,Unknown,,Unknown
554,Ramtons RF339-2 DOOR DIRECT COOL 138LT SILVER with free fridge guard,38000,0,2,138.0,Ramtons
555,VON 138Litres Double door Fridge WITH A FREE FREEZER GUARD,39400,0,2,138.0,Von
556,7.5L Car Mini Portable Fridge,5399,0,Unknown,7.5,Unknown
557,Nunix Single door fridge 92liters Energy Efficient. Compact and stylish design with Adjustable thermostat,23625,0,1,92.0,Nunix
558,Fridge organizer containers now available Size 20cmx40cm,999,0,Unknown,,Unknown
563,"7.5L Car Refrigerator, Hot And Cold Mini Car Fridge",5159,0,Unknown,7.5,Unknown
564,Big Adjustable Washing Machine  Fridge Mover StandTrolley,3200,0,Unknown,,Unknown
565,portable mini car fridge,5655,0,Unknown,,Unknown
566,Fk Electric Fridge Guard-Voltage Stabilizer Plus Extension,1200,0,Unknown,,FK
567,"Multipurpose Heavy Duty Stand for fridge, Washing machine, cooker, dispenser - Has lockable wheels and stand with adjustable height",3698,0,Unknown,,Unknown
568,ADJUSTABLE FRIDGE STAND  WASING MACHINE MOVER STAND - EXTRENDS TO 50-75CM AND SIUPPORTS UP TO 300KG -COMES AS A PAIR,2400,0,Unknown,,Unknown
569,7.5 Litres Portable Mini Car Refrigerator- Large Capacity Travel Mini Fridge,5788,0,Unknown,7.5,Unknown
570,Adjustable Fridge Stand Washing machine Cooker Stand with lockable wheels,2398,0,Unknown,,Unknown
571,7.5 Litres Portable Mini Car Refrigerator- Large Capacity Travel Mini Fridge,5486,0,Unknown,7.5,Unknown
572,Heavy Duty Fridge Stand Washing machine Cooker Stand with lockable wheels,3698,0,Unknown,,Unknown
573,Adjustable Washing Machine  Fridge StandTrolley,2100,0,Unknown,,Unknown
574,Adjustable Washing Machine  Fridge StandTrolley,2400,0,Unknown,,Unknown
575,90 ltrs nunnix one door fridge Mechanical control Interior LED light Energy-saving and low noise Adjustable front feet Lock  key,26000,0,1,90.0,Nunix
